activationfunction,layer,neurons,adamtime,lbfgstime,totaltime,steps,adamtrainloss1,adamtrainloss2,adamtrainloss3,adamtestloss1,adamtestloss2,adamtestloss3,lbfgstrainloss1,lbfgstrainloss2,lbfgstrainloss3,lbfgstestloss1,lbfgstestloss2,lbfgstestloss3,diffpoint,mean
tanh,1,1,1.865126371383667,0.2016894817352295,2.0668158531188965,5057.0,0.2389131337404251,12.886610984802246,36.17847442626953,0.2750234603881836,12.886610984802246,36.17847442626953,0.030398301780223846,0.08555493503808974,0.3824462890625,0.03095935471355915,0.08555493503808974,0.3824462890625,0.14851549777636044,0.23902348294090903
tanh,1,2,2.06459641456604,0.20556163787841797,2.270158052444458,5045.0,0.8173134922981262,1.353129506111145,1.0134801864624023,0.9281811118125917,1.353129506111145,1.0134801864624023,0.0935542806982994,0.03255254402756691,0.11353190243244173,0.10746414959430695,0.03255254402756691,0.11353190243244173,0.5401744791542579,0.24671882120110955
tanh,1,5,2.1357412338256836,0.7923011779785156,2.928042411804199,5520.0,0.257065623998642,0.033929020166397095,0.06554274260997772,0.2564619481563568,0.033929020166397095,0.06554274260997772,0.006426287814974785,0.003207102417945862,0.002917749108746648,0.0047899517230689526,0.003207102417945862,0.002917749108746648,0.05167282137522214,0.029336197750655605
tanh,1,10,2.2764551639556885,1.8144259452819824,4.090881109237671,6215.0,0.13169556856155396,0.052273482084274285,0.10041362792253494,0.08705340325832368,0.052273482084274285,0.10041362792253494,0.0002355966571485624,6.770713662263006e-05,2.6545007131062448e-05,0.00018680174252949652,6.770713662263006e-05,2.6545007131062448e-05,0.0003036311591576857,0.003559444848599009
tanh,1,15,2.4575536251068115,2.7991645336151123,5.256718158721924,6858.0,0.09266907721757887,0.02442695014178753,0.0669652670621872,0.05894356220960617,0.02442695014178753,0.0669652670621872,5.934415094088762e-05,6.072211363061797e-06,3.91586854675552e-06,6.359695544233546e-05,6.072211363061797e-06,3.91586854675552e-06,0.0017560771430444044,0.0010920320020036838
tanh,1,20,2.3159101009368896,2.0569756031036377,4.372885704040527,6353.0,0.06943768262863159,0.02827472612261772,0.049169495701789856,0.047789685428142555,0.02827472612261772,0.049169495701789856,7.719321729382499e-05,2.9484706374205416e-06,5.650222647091141e-06,8.589318895246834e-05,2.9484706374205416e-06,5.650222647091141e-06,0.0009511760199975294,0.0012691628385766473
tanh,1,25,2.4129092693328857,2.1739373207092285,4.586846590042114,6524.0,0.09943389147520064,0.02825249917805195,0.0510285310447216,0.07800614088773726,0.02825249917805195,0.0510285310447216,1.2091458302165847e-05,9.427437817066676e-07,1.1089075542258795e-06,1.2226988474139944e-05,9.427437817066676e-07,1.1089075542258795e-06,0.0006720372711706835,0.00042045037437900984
tanh,1,30,2.6472268104553223,2.138483762741089,4.785710573196411,6349.0,0.10688810050487518,0.028873968869447708,0.0676719918847084,0.0654129683971405,0.028873968869447708,0.0676719918847084,2.84216021100292e-05,1.4264151104725895e-06,1.367833533549856e-06,3.1538445909973234e-05,1.4264151104725895e-06,1.367833533549856e-06,0.000383729604392119,0.0005534390698748186
tanh,1,35,2.631331443786621,1.8949081897735596,4.526239633560181,6209.0,0.09986504912376404,0.01732615940272808,0.0539419949054718,0.07732182741165161,0.01732615940272808,0.0539419949054718,3.0782586691202596e-05,4.720659489976241e-06,2.285230948473327e-06,2.6513616830925457e-05,4.720659489976241e-06,2.285230948473327e-06,0.0013234070266198439,0.0008522528840655827
tanh,1,40,2.683598518371582,3.025683879852295,5.709282398223877,6885.0,0.03553522005677223,0.006430137902498244,0.008533579297363758,0.01710147224366665,0.006430137902498244,0.008533579297363758,6.982044851611136e-06,4.7626446075810247e-07,1.3801495413190426e-07,7.347935479629086e-06,4.7626446075810247e-07,1.3801495413190426e-07,0.00024485078206545885,0.00031132060295244163
tanh,2,1,1.9634363651275635,0.3380758762359619,2.3015122413635254,5128.0,0.11991814523935317,8.421484947204588,42.91619873046875,0.07627655565738678,8.421484947204588,42.91619873046875,0.019560104236006737,0.08865594863891602,0.45043292641639704,0.02076715975999832,0.08865594863891602,0.45043292641639704,0.1980456164802026,0.25446702582411324
tanh,2,2,2.3955416679382324,0.6121385097503662,3.0076801776885986,5287.0,0.9271977543830872,3.321291446685791,2.354206085205078,1.014453649520874,3.321291446685791,2.354206085205078,0.051621969789266586,0.054486650973558426,0.05840836465358734,0.049152519553899765,0.054486650973558426,0.05840836465358734,0.2602146914924096,0.19234749703978912
tanh,2,5,2.7216155529022217,1.621192216873169,4.342807769775391,6013.0,0.047583341598510735,0.01970426179468632,0.019353844225406647,0.03898446261882781,0.01970426179468632,0.019353844225406647,2.203407530032564e-05,5.424402388598537e-06,1.6353942555724643e-06,1.7402864614268765e-05,5.424402388598537e-06,1.6353942555724643e-06,0.0033599087273169237,0.0012995996084377887
tanh,2,10,2.847644567489624,2.5375733375549316,5.385217905044556,6506.0,0.021236987784504887,0.009219778701663016,0.008139682933688164,0.009750448167324066,0.009219778701663016,0.008139682933688164,3.079072030232055e-06,5.8113158729611314e-08,1.510036042873253e-07,3.0898972909199074e-06,5.8113158729611314e-08,1.510036042873253e-07,3.104892125613268e-05,0.00021687129937630922
tanh,2,15,3.2017149925231934,2.409888982772827,5.6116039752960205,6306.0,0.0124327028170228,0.0031020944006741047,0.006373432464897633,0.006850626319646835,0.0031020944006741047,0.006373432464897633,1.346159024251392e-06,2.5413078219571617e-07,5.756303878001745e-08,1.0849846603377955e-06,2.5413078219571617e-07,5.756303878001745e-08,0.00016037139544003431,0.00018789501670563564
tanh,2,20,3.314199447631836,1.6436767578125,4.957876205444336,5812.0,0.015582552179694176,0.0036527630873024464,0.001829501707106829,0.0053526004776358604,0.0036527630873024464,0.001829501707106829,5.049200808571186e-07,6.698900989476897e-08,3.3881999428331255e-08,4.639048256649403e-07,6.698900989476897e-08,3.3881999428331255e-08,0.00012999263158328112,0.00010059734874269774
tanh,2,25,3.654818058013916,2.1904945373535156,5.845312595367432,6039.0,0.007617746479809283,0.002356676384806633,0.0015515885315835476,0.002929265145212412,0.002356676384806633,0.0015515885315835476,3.9318101130447763e-07,8.178167121286605e-08,1.7010460595656696e-08,3.614502759319294e-07,8.178167121286605e-08,1.7010460595656696e-08,7.901105532162611e-05,0.00011363212585977245
tanh,2,30,3.8329238891601562,2.5920257568359375,6.424949645996094,6153.0,0.010212850756943224,0.001233562477864325,0.0025971678551286455,0.004321537911891936,0.001233562477864325,0.0025971678551286455,5.039084953750718e-07,7.724255368657396e-08,2.7584805550873167e-08,4.248087179803406e-07,7.724255368657396e-08,2.7584805550873167e-08,9.269032129757826e-05,0.00023820043167029103
tanh,2,35,4.123652935028076,2.712613344192505,6.836266279220581,6101.0,0.008831297047436237,0.001450402894988656,0.0026289173401892185,0.002863513771444559,0.001450402894988656,0.0026289173401892185,3.4028678896902425e-07,7.919251743260247e-08,3.010737614772552e-08,3.328905791022408e-07,7.919251743260247e-08,3.010737614772552e-08,3.8794005822462285e-06,0.00010557507551715196
tanh,2,40,4.195220708847046,3.318317174911499,7.513537883758545,6255.0,0.008540496230125427,0.0004578613152261824,0.001166266854852438,0.003316153772175312,0.0004578613152261824,0.001166266854852438,4.355089515684085e-07,3.5253361119202964e-08,3.150218930159099e-08,3.650731628113136e-07,3.5253361119202964e-08,3.150218930159099e-08,4.5483442635468885e-05,8.762612183606347e-05
tanh,3,1,2.612581968307495,0.4085965156555176,3.0211784839630127,5161.0,0.16830988228321075,9.388049125671385,35.81193542480469,0.1313091367483139,9.388049125671385,35.81193542480469,0.028231093659996983,0.09859411418437955,0.38215807080268854,0.029949050396680832,0.09859411418437955,0.38215807080268854,0.16524494204172605,0.23965517973248793
tanh,3,2,2.7266082763671875,0.8849282264709473,3.6115365028381348,5481.0,0.9676010608673096,1.005388259887695,1.2628490924835205,1.0647900104522705,1.005388259887695,1.2628490924835205,0.06050801649689674,0.041497025638818734,0.0712580680847168,0.06231703981757164,0.041497025638818734,0.0712580680847168,0.20138395342478269,0.1621153566868196
tanh,3,5,2.8629021644592285,1.6957194805145264,4.558621644973755,5987.0,0.027294404804706573,0.003528831759467721,0.010284963063895702,0.016596337780356407,0.003528831759467721,0.010284963063895702,8.955890734796412e-06,2.016357029788196e-06,8.241187856583565e-07,7.678527254029177e-06,2.016357029788196e-06,8.241187856583565e-07,0.0003341487372826857,0.0006139751968985936
tanh,3,10,3.275155782699585,2.8211476802825928,6.096303462982178,6599.0,0.019803956151008602,0.0018792827613651752,0.0038292796816676855,0.00819684751331806,0.0018792827613651752,0.0038292796816676855,6.334119007078698e-07,1.482964080423699e-07,1.7053910283948426e-08,6.871591153867486e-07,1.482964080423699e-07,1.7053910283948426e-08,6.351855149752672e-05,0.00012641237588137226
tanh,3,15,3.8217740058898926,1.3512632846832275,5.17303729057312,5620.0,0.012372523546218872,0.0004893646109849216,0.001690544537268579,0.0035973414778709407,0.0004893646109849216,0.001690544537268579,9.17048623705341e-07,2.2991997639110195e-08,3.269935433536375e-08,8.879050596988237e-07,2.2991997639110195e-08,3.269935433536375e-08,0.00017348441729062025,0.00010182193397995402
tanh,3,20,4.056909084320068,1.651864767074585,5.708773851394653,5709.0,0.004077475517988205,0.00011188044300070032,0.0003289577434770763,0.0012132632546126842,0.00011188044300070032,0.0003289577434770763,1.7649622918725075e-07,3.665976677780236e-08,5.358732568794266e-09,1.7871300883598454e-07,3.665976677780236e-08,5.358732568794266e-09,5.351987233645494e-05,7.797753608308254e-05
tanh,3,25,4.523138523101807,2.9634196758270264,7.486558198928833,6194.0,0.004936168435961008,0.0002781834627967328,0.00042369528091512626,0.001330510713160038,0.0002781834627967328,0.00042369528091512626,3.6223937627255514e-07,1.0747288570200909e-07,1.5060903635344403e-08,2.8218266834301176e-07,1.0747288570200909e-07,1.5060903635344403e-08,2.9558805136747912e-05,9.252323847078389e-05
tanh,3,30,4.863090991973877,3.0621893405914307,7.925280332565308,6109.0,0.007332132197916507,0.0004416774609126151,0.0014681504108011723,0.0023624130990356207,0.0004416774609126151,0.0014681504108011723,2.719490339586628e-07,1.715277164748841e-07,1.544120564744844e-08,2.1572547836967717e-07,1.715277164748841e-07,1.544120564744844e-08,4.330787310116713e-05,0.00013712635337665002
tanh,3,35,5.217052936553955,1.4373247623443604,6.654377698898315,5423.0,0.0018631651764735575,7.134380575735122e-05,0.0002662299375515431,0.0006507470970973372,7.134380575735122e-05,0.0002662299375515431,8.069687282841188e-07,1.2521417147581815e-07,2.3682874328301292e-08,7.189488542280742e-07,1.2521417147581815e-07,2.3682874328301292e-08,4.04366528082567e-05,0.00014641049260642847
tanh,3,40,5.338240385055542,2.1394848823547363,7.477725267410278,5608.0,0.0033720703795552254,0.00016094546299427748,0.00032942299731075764,0.0009572136914357544,0.00016094546299427748,0.00032942299731075764,3.133759776119405e-07,1.3055461067779106e-07,2.0247004073326025e-08,2.2469654936685401e-07,1.3055461067779106e-07,2.0247004073326025e-08,1.5250171136182988e-06,0.00010730709825399363
tanh,4,1,2.525566339492798,0.5182366371154785,3.0438029766082764,5181.0,0.38426223397254944,12.10504913330078,35.83975982666016,0.512519121170044,12.10504913330078,35.83975982666016,0.025078484788537025,0.09163349866867064,0.37657862901687617,0.027912545949220657,0.09163349866867064,0.37657862901687617,0.15308273348459714,0.23976022938269925
tanh,4,2,3.4318833351135254,0.9902160167694092,4.422099351882935,5452.0,0.5715747475624084,0.06169726327061653,0.08092274516820908,0.6085585355758666,0.06169726327061653,0.08092274516820908,0.017816130071878433,0.006417064927518368,0.008694971911609171,0.013968384824693201,0.006417064927518368,0.008694971911609171,0.07271659884104245,0.04031219875527926
tanh,4,5,3.709838628768921,2.608581066131592,6.318419694900513,6333.0,0.03459174558520317,0.009117841720581055,0.01876090094447136,0.014461617916822432,0.009117841720581055,0.01876090094447136,2.610740239106235e-06,2.8343021085674996e-07,8.619216629313087e-08,2.2704025468556206e-06,2.8343021085674996e-07,8.619216629313087e-08,6.050381311886732e-05,0.000313835532345838
tanh,4,10,3.8698747158050537,1.7633984088897705,5.633273124694824,5836.0,0.020652424544095997,0.002365556079894304,0.006771479267627001,0.008263289928436278,0.002365556079894304,0.006771479267627001,1.515866415502387e-06,5.094253765491885e-07,1.7393134044141337e-07,9.739529787111678e-07,5.094253765491885e-07,1.7393134044141337e-07,2.51778637457567e-05,0.00022206952454502786
tanh,4,15,4.663045883178711,1.9454395771026611,6.608485460281372,5794.0,0.010386571288108824,0.004002684727311134,0.003986222203820944,0.005649256054311992,0.004002684727311134,0.003986222203820944,7.794337193445245e-07,1.509411795552751e-08,1.2871438137551648e-08,6.880829346300744e-07,1.509411795552751e-08,1.2871438137551648e-08,1.8735858292512342e-05,9.048450775950263e-05
tanh,4,20,4.9471964836120605,1.7604188919067383,6.707615375518799,5633.0,0.006293103564530611,0.0001910976570798084,0.0006191811407916248,0.0018485363107174635,0.0001910976570798084,0.0006191811407916248,5.949164574303722e-07,1.3195064241244836e-07,7.165621696003656e-08,4.506803747972299e-07,1.3195064241244836e-07,7.165621696003656e-08,7.3513711404127324e-06,0.00010269592813311044
tanh,4,25,5.659732818603516,1.2082722187042236,6.868005037307739,5361.0,0.002400216646492481,0.0004991257446818054,0.00044394723954610527,0.0010344029869884253,0.0004991257446818054,0.00044394723954610527,7.917087714304216e-07,1.6341013520104752e-07,1.8919151045793117e-07,7.513532409575419e-07,1.6341013520104752e-07,1.8919151045793117e-07,0.00015384468683712904,0.0001463698451897589
tanh,4,30,6.14153528213501,1.9224486351013184,8.063983917236328,5537.0,0.0024632925633341074,0.00018812878988683224,0.0002472950145602226,0.0010012434795498848,0.00018812878988683224,0.0002472950145602226,2.1165712382753557e-07,1.3878076288165178e-07,3.902469103422845e-08,2.1260001403788922e-07,1.3878076288165178e-07,3.902469103422845e-08,5.759808668606703e-05,0.00012281561145598683
tanh,4,35,6.717039585113525,3.2398059368133545,9.95684552192688,5794.0,0.0013449827674776316,0.00011853892647195607,0.0001310621155425906,0.000503007264342159,0.00011853892647195607,0.0001310621155425906,1.1257963450361785e-07,7.75048363266251e-08,1.0644791714753408e-08,7.898641740666788e-08,7.75048363266251e-08,1.0644791714753408e-08,2.8376909584931775e-05,7.96530302816201e-05
tanh,4,40,6.92001485824585,2.756624221801758,9.676639080047607,5579.0,0.0008992219809442759,0.00042657894664444024,0.0003716806822922081,0.0004130672023165971,0.00042657894664444024,0.0003716806822922081,1.02871020146722e-07,5.571865102638185e-08,1.1522984344480847e-08,8.370422932557631e-08,5.571865102638185e-08,1.1522984344480847e-08,9.541841835908338e-06,7.181969794223742e-05
tanh,5,1,3.3484864234924316,0.47698211669921875,3.8254685401916504,5114.0,0.17649681866168976,11.86213207244873,36.92400741577149,0.1265515089035034,11.86213207244873,36.92400741577149,0.024806426838040352,0.11998233944177628,0.3994894027709961,0.02615321055054665,0.11998233944177628,0.3994894027709961,0.20278633150705808,0.25021230262502103
tanh,5,2,3.9433908462524414,0.8441908359527588,4.7875816822052,5312.0,0.3653163015842438,0.4894757270812988,0.3583049774169922,0.39015182852745056,0.4894757270812988,0.3583049774169922,0.07677552849054337,0.0009114845306612552,0.029624938964843753,0.07750013470649718,0.0009114845306612552,0.029624938964843753,0.5642392584358741,0.1849933159085821
tanh,5,5,4.273447513580322,2.2560160160064697,6.529463529586792,6069.0,0.035644885152578354,0.005202630069106816,0.018321011215448376,0.016464434564113617,0.005202630069106816,0.018321011215448376,1.3472790669766255e-05,2.944229436252499e-06,1.6015937944757752e-06,1.2500056982389651e-05,2.944229436252499e-06,1.6015937944757752e-06,0.0014427849327612596,0.0007626020300189747
tanh,5,10,4.791788101196289,2.257510185241699,7.049298286437988,5903.0,0.016982924193143845,0.0015905165346339345,0.0041635148227214805,0.005352082662284374,0.0015905165346339345,0.0041635148227214805,1.5218992075460847e-06,2.3464468767997457e-07,1.6441285310975218e-07,1.1518824294398655e-06,2.3464468767997457e-07,1.6441285310975218e-07,6.442752233035143e-05,0.00023476492821791826
tanh,5,15,5.771805047988892,4.034160375595093,9.805965423583984,6472.0,0.009150546975433826,0.0005785694229416549,0.0023955171927809715,0.0020800153724849224,0.0005785694229416549,0.0023955171927809715,3.5677990695148765e-07,9.555103730463088e-08,2.3393621262357556e-08,2.950897055598034e-07,9.555103730463088e-08,2.3393621262357556e-08,3.9512780814238146e-05,9.51135555884193e-05
tanh,5,20,6.234293699264526,1.4043173789978027,7.638611078262329,5392.0,0.008970541879534721,0.0001846212398959324,0.0006469732034020126,0.0026977325323969126,0.0001846212398959324,0.0006469732034020126,7.341754439948999e-07,2.618321559566539e-07,1.1178504166764469e-07,6.629949211856001e-07,2.618321559566539e-07,1.1178504166764469e-07,0.00017718460908419664,0.00017425695018979283
tanh,5,25,7.060674428939819,2.151747465133667,9.212421894073486,5533.0,0.0020338259637355804,0.00010605525312712416,0.0002442518016323447,0.0008601737208664417,0.00010605525312712416,0.0002442518016323447,2.1935049687726857e-07,1.4247160606828402e-07,2.6487741777714288e-08,1.857118263615121e-07,1.4247160606828402e-07,2.6487741777714288e-08,2.8634933142729357e-05,9.634979808998831e-05
tanh,5,30,7.6357245445251465,2.3155226707458496,9.951247215270996,5501.0,0.0026073718909174204,3.706176357809454e-05,0.00026812200667336583,0.0007975478656589984,3.706176357809454e-05,0.00026812200667336583,4.296036024697969e-07,4.88099587414581e-08,1.3088237160729932e-08,4.525636541075073e-07,4.88099587414581e-08,1.3088237160729932e-08,4.347178587429945e-05,0.00010947970474934575
tanh,5,35,8.465883016586304,2.7132651805877686,11.179148197174072,5511.0,0.0014266581274569035,0.00018827602616511285,0.0003166268579661846,0.000461255491245538,0.00018827602616511285,0.0003166268579661846,1.4859806185540947e-07,1.2707482710538898e-07,3.7800234053975146e-08,1.2147198447109986e-07,1.2707482710538898e-07,3.7800234053975146e-08,2.8168293328217908e-05,0.0001273368206814647
tanh,5,40,8.227579832077026,4.246941089630127,12.474520921707153,5730.0,0.007443239912390709,0.0005714040598832071,0.0021668069530278444,0.002615252509713173,0.0005714040598832071,0.0021668069530278444,3.199650677743193e-07,7.402853441362822e-08,2.3926723713429965e-08,3.009277520504839e-07,7.402853441362822e-08,2.3926723713429965e-08,3.715839734561022e-05,0.00010449087242626031
tanh,6,1,3.2877771854400635,0.5941464900970459,3.8819236755371094,5163.0,0.18873926997184756,12.06460189819336,35.740238189697266,0.12734439969062805,12.06460189819336,35.740238189697266,0.02673291601240635,0.12123061716556548,0.3889777660369873,0.027364902198314663,0.12123061716556548,0.3889777660369873,0.1758590987647485,0.24209263556438523
tanh,6,2,4.159191846847534,1.7343385219573975,5.893530368804932,5812.0,1.2237697839736938,0.30296099185943604,0.24434037506580353,1.0098336935043335,0.30296099185943604,0.24434037506580353,0.017039326950907707,0.005239391699433328,0.009824207983911037,0.012727167457342148,0.005239391699433328,0.009824207983911037,0.07251710209497922,0.03821454245233365
tanh,6,5,4.474003076553345,2.118574619293213,6.592577695846558,5943.0,0.03345668315887451,0.005566815380007029,0.01833837293088436,0.01798856630921364,0.005566815380007029,0.01833837293088436,1.410785989719443e-05,2.921395662269788e-06,3.121928330074297e-06,9.258967111236416e-06,2.921395662269788e-06,3.121928330074297e-06,2.1214154868193225e-05,0.0007445279643412217
tanh,6,10,5.069054365158081,1.756870985031128,6.825925350189209,5654.0,0.016365230083465576,0.0012194964801892638,0.007047290448099375,0.006210999563336372,0.0012194964801892638,0.007047290448099375,4.471267402550438e-06,3.9866517909104005e-07,5.716901796404272e-07,3.37442861564341e-06,3.9866517909104005e-07,5.716901796404272e-07,0.000467141600937776,0.00036702169369903965
tanh,6,15,6.33843207359314,1.7444074153900146,8.082839488983154,5533.0,0.01563897728919983,0.0009508690563961864,0.002878282917663455,0.007215391844511032,0.0009508690563961864,0.002878282917663455,1.4984573226684004e-06,9.439713721803857e-07,4.0322085226307536e-08,1.1992962072326918e-06,9.439713721803857e-07,4.0322085226307536e-08,0.0002095648323584276,0.0002587290539841724
tanh,6,20,6.826171159744263,1.9683308601379395,8.794502019882202,5534.0,0.008149554952979088,0.00045114953536540264,0.0007572538452222942,0.0025464035570621486,0.00045114953536540264,0.0007572538452222942,4.882855364485296e-07,1.52164645328412e-07,2.384404496069692e-08,3.748013455151522e-07,1.52164645328412e-07,2.384404496069692e-08,6.0488911957673475e-05,0.00013503092506566801
tanh,6,25,7.802339315414429,3.3359458446502686,11.138285160064697,5804.0,0.00536703085526824,0.00041640523704700167,0.000983959995210171,0.0012870990904048083,0.00041640523704700167,0.000983959995210171,3.197000921772997e-07,1.559895537184275e-07,2.4105805351837262e-08,3.0079635848778713e-07,1.559895537184275e-07,2.4105805351837262e-08,0.00011029329648501451,0.000127252157409292
tanh,6,30,8.480908393859863,2.1239731311798096,10.604881525039673,5392.0,0.000956753734499216,0.00024222895444836468,0.0002953910152427852,0.00045819010119885206,0.00024222895444836468,0.0002953910152427852,2.53290210139312e-07,7.323485107235683e-08,6.435719512865035e-08,2.0212019080645405e-07,7.323485107235683e-08,6.435719512865035e-08,7.311019548886244e-05,0.00014958742649458465
tanh,6,35,9.566161870956421,5.141164779663086,14.707326650619507,5843.0,0.0041579557582736015,0.0003760576655622572,0.00039952516090124846,0.0011563203297555447,0.0003760576655622572,0.00039952516090124846,2.2199000682121553e-07,1.50901826145855e-07,4.6677946841100486e-08,2.229120070751378e-07,1.50901826145855e-07,4.6677946841100486e-08,4.909422746188219e-05,0.00011800831225016794
tanh,6,40,9.867719173431396,5.33719801902771,15.204917192459106,5739.0,0.001049838727340102,0.00011114920198451728,7.041283970465884e-05,0.0004330123483669013,0.00011114920198451728,7.041283970465884e-05,2.12871867688591e-07,8.278904317648994e-08,2.0206192274940804e-08,1.8324465145269642e-07,8.278904317648994e-08,2.0206192274940804e-08,4.1181710867949084e-05,8.741217452120789e-05
tanh,10,100,101.40951704978943,27.74930453300476,129.1588215827942,5414.0,0.014005623757839201,0.03113182261586189,0.18361054360866544,0.0060477107763290405,0.03113182261586189,0.18361054360866544,2.455161336456513e-07,1.1186346426939053e-07,2.2561726709113827e-08,2.147669704299915e-07,1.1186346426939053e-07,2.2561726709113827e-08,3.219631066805895e-05,0.00011388304031955865
sigmoid,1,1,1.7573890686035156,0.20203709602355957,1.9594261646270752,5060.0,0.08442837744951248,11.002726554870604,50.8858757019043,0.044007819145917886,11.002726554870604,50.8858757019043,0.018061310052871704,0.103210411965847,0.5141832232475281,0.014539625495672224,0.103210411965847,0.5141832232475281,0.41961998257288446,0.3634285811796764
sigmoid,1,2,2.0207319259643555,0.3731081485748291,2.3938400745391846,5221.0,0.430061399936676,4.302337646484375,5.589624881744385,0.4687833786010742,4.302337646484375,5.589624881744385,0.06064615398645401,0.07720629870891571,0.0969092547893524,0.06271813809871674,0.07720629870891571,0.0969092547893524,0.06489044937738889,0.1528934368247591
sigmoid,1,5,2.0564651489257812,0.4380989074707031,2.4945640563964844,5269.0,0.15678957104682922,0.07198196649551392,0.08663452416658401,0.13712681829929352,0.07198196649551392,0.08663452416658401,0.007277491036802529,0.0022446648217737675,0.0038269474171102047,0.0051348251290619365,0.0022446648217737675,0.0038269474171102047,0.06311309847483151,0.02764126771331608
sigmoid,1,10,2.128481864929199,1.2652859687805176,3.393767833709717,5893.0,0.35285142064094543,7.559539318084717,50.14898681640625,0.23389482498168945,7.559539318084717,50.14898681640625,0.0004107697168365121,3.198634658474475e-05,2.3610004063812084e-05,0.0003996854065917432,3.198634658474475e-05,2.3610004063812084e-05,0.007882004114479951,0.0032473414001259354
sigmoid,1,15,2.307778835296631,3.0126800537109375,5.320458889007568,7105.0,0.35499760508537287,1.1813451051712036,4.11130952835083,0.3897477984428406,1.1813451051712036,4.11130952835083,4.873596481047571e-05,3.854132955893873e-06,2.689645043574273e-06,4.269590135663748e-05,3.854132955893873e-06,2.689645043574273e-06,0.0007489970649194044,0.0009437633186599236
sigmoid,1,20,2.4035415649414062,4.216952800750732,6.620494365692139,7918.0,0.08270715177059172,0.018493903800845143,0.06982136517763138,0.04564163833856583,0.018493903800845143,0.06982136517763138,7.981985618243925e-06,1.1783230036144233e-07,1.6147851056302898e-07,8.91604031494353e-06,1.1783230036144233e-07,1.6147851056302898e-07,0.00033677134165280287,0.00029019873859524695
sigmoid,1,25,2.519569158554077,2.350501775741577,4.870070934295654,6516.0,0.14487425982952115,0.042699337005615234,0.09017737209796904,0.09390719980001448,0.042699337005615234,0.09017737209796904,3.52992628904758e-06,1.9548285479231708e-07,5.8987392748122154e-08,4.044751221954357e-06,1.9548285479231708e-07,5.8987392748122154e-08,8.528562874726697e-06,0.00021963587863609892
sigmoid,1,30,2.5425667762756348,3.5117850303649902,6.054351806640625,7405.0,0.22614163160324097,0.10881610214710236,0.13279102742671967,0.14449371397495267,0.10881610214710236,0.13279102742671967,7.4645013228291646e-06,4.01791339754709e-07,1.9481183244352001e-07,7.149171324272174e-06,4.01791339754709e-07,1.9481183244352001e-07,2.1333364157744006e-05,0.0002501629880041426
sigmoid,1,35,2.6395883560180664,4.495516300201416,7.135104656219482,8051.0,0.11626635491847992,0.08286542445421219,0.08815374225378035,0.07226190716028212,0.08286542445421219,0.08815374225378035,1.915375833050348e-05,7.517780886701075e-07,2.126904234955873e-07,1.981019704544451e-05,7.517780886701075e-07,2.126904234955873e-07,0.0002516457115698534,0.0005462694436993072
sigmoid,1,40,2.864647150039673,4.927853584289551,7.792500734329224,8047.0,0.16871030628681183,0.2651100158691406,0.1500461846590042,0.10863749682903288,0.2651100158691406,0.1500461846590042,8.577300832257606e-06,4.410584608649515e-07,2.3038394658669858e-07,1.153470657300204e-05,4.410584608649515e-07,2.3038394658669858e-07,0.0005528232778024,0.0003076333425918803
sigmoid,2,1,2.234332799911499,0.35849928855895996,2.592832088470459,5164.0,0.1363854706287384,14.163580894470215,38.98728942871094,0.15456843376159668,14.163580894470215,38.98728942871094,0.02561877481639385,0.10550805181264876,0.3990756273269653,0.02685414627194405,0.10550805181264876,0.3990756273269653,0.18913925203928464,0.2506839572978632
sigmoid,2,2,2.613605499267578,0.6511478424072266,3.2647533416748047,5351.0,0.09471299499273299,8.113800048828125,22.175262451171875,0.08333845436573027,8.113800048828125,22.175262451171875,0.04709256067872048,0.0526229739189148,0.05398726463317871,0.04167477414011955,0.0526229739189148,0.05398726463317871,0.30237536642202845,0.2140391284260259
sigmoid,2,5,2.7226078510284424,1.614365816116333,4.336973667144775,5967.0,0.20663556456565857,0.09911770373582841,0.09166904538869856,0.18388262391090396,0.09911770373582841,0.09166904538869856,5.7233966799685725e-05,5.215681085246615e-06,1.177565309262718e-06,5.730260818381794e-05,5.215681085246615e-06,1.177565309262718e-06,0.002303963037819795,0.0014063940482022304
sigmoid,2,10,2.9246528148651123,2.309523105621338,5.23417592048645,6321.0,0.055607642978429794,0.021595671772956848,0.03604405745863914,0.023293267935514447,0.021595671772956848,0.03604405745863914,3.248536813771352e-06,6.632311624343856e-07,3.021415579951281e-07,2.8348576961434446e-06,6.632311624343856e-07,3.021415579951281e-07,5.102667459958021e-05,0.0002932813490475893
sigmoid,2,15,3.3402748107910156,3.599773406982422,6.9400482177734375,6978.0,0.06802880018949509,0.023290125653147697,0.033103346824646,0.03813492134213448,0.023290125653147697,0.033103346824646,1.13396083634143e-06,5.869298291827362e-08,3.5017777122448024e-08,1.2283510386623675e-06,5.869298291827362e-08,3.5017777122448024e-08,4.622850069516127e-05,0.00014941006923108074
sigmoid,2,20,3.4937820434570312,3.9208784103393555,7.414660453796387,7050.0,0.5603821277618408,0.44894805550575256,0.42594835162162786,0.42842596769332886,0.44894805550575256,0.42594835162162786,3.9848342225923266e-07,4.831642996805385e-08,1.2199798504752835e-08,3.211410728454212e-07,4.831642996805385e-08,1.2199798504752835e-08,9.914722791201647e-05,7.750713622803783e-05
sigmoid,2,25,3.895817279815674,2.9874210357666016,6.883238315582275,6446.0,0.19499628245830533,0.0377495214343071,0.047056276351213455,0.1519945114850998,0.0377495214343071,0.047056276351213455,8.505400046487922e-07,1.4052415053811274e-07,4.219191751531071e-08,6.424048137887439e-07,1.4052415053811274e-07,4.219191751531071e-08,0.00017940488210207994,0.00011328643229460151
sigmoid,2,30,4.042905569076538,2.8276500701904297,6.870555639266968,6236.0,0.047723438590765,0.006481129210442305,0.008506457321345806,0.021567877382040024,0.006481129210442305,0.008506457321345806,1.352080175820447e-06,4.66516354435953e-07,2.1082917101011847e-07,1.3790494222121197e-06,4.66516354435953e-07,2.1082917101011847e-07,4.876169809811537e-05,0.00027077250579754644
sigmoid,2,35,4.305546045303345,3.940372943878174,8.245918989181519,6592.0,0.14809733629226685,0.026935303583741188,0.046957042068243034,0.09021905809640883,0.026935303583741188,0.046957042068243034,6.024266667736811e-07,1.3458581804570713e-07,1.007733363422858e-08,5.844777888341923e-07,1.3458581804570713e-07,1.007733363422858e-08,7.992121071748182e-06,0.00013369280325613726
sigmoid,2,40,4.192939043045044,3.081209182739258,7.274148225784302,6230.0,0.05351369455456734,0.010467126034200191,0.01809495873749256,0.022232964634895325,0.010467126034200191,0.01809495873749256,2.931649987658602e-06,5.036812353864661e-07,3.2221507240137726e-07,3.1206957373797195e-06,5.036812353864661e-07,3.2221507240137726e-07,2.6101735739775256e-05,0.00023847911941278277
sigmoid,3,1,2.2805263996124268,0.44615912437438965,2.7266855239868164,5198.0,0.19982883334159848,16.48076629638672,38.761329650878906,0.23546814918518064,16.48076629638672,38.761329650878906,0.0246222335845232,0.12734970450401306,0.4038918018341064,0.023928571492433548,0.12734970450401306,0.4038918018341064,0.19171894106516355,0.2500108232212656
sigmoid,3,2,2.81632924079895,1.0035338401794434,3.8198630809783936,5565.0,0.4582102298736572,1.5380492210388184,1.1660795211791992,0.517953097820282,1.5380492210388184,1.1660795211791992,0.02428293600678444,0.013048786669969559,0.01514993980526924,0.018326472491025925,0.013048786669969559,0.01514993980526924,0.018075352045388154,0.07045291333495711
sigmoid,3,5,3.0211000442504883,1.6053550243377686,4.626455068588257,5931.0,0.17289026081562042,0.07671263068914413,0.07319911569356918,0.1278998702764511,0.07671263068914413,0.07319911569356918,2.1751389795099385e-05,1.8617722616909305e-06,1.3938256415713113e-06,1.4290692888607737e-05,1.8617722616909305e-06,1.3938256415713113e-06,0.001090889307351045,0.0011124606726297605
sigmoid,3,10,3.3755617141723633,1.8594226837158203,5.234984397888184,5985.0,0.05706554651260376,0.02069123089313507,0.026444558054208755,0.030261723324656487,0.02069123089313507,0.026444558054208755,2.726595539570553e-06,1.5935870578687172e-07,5.00592030050484e-08,1.9014387362403795e-06,1.5935870578687172e-07,5.00592030050484e-08,0.00018369641652590807,0.00018237258336134
sigmoid,3,15,4.025407552719116,2.6086061000823975,6.634013652801514,6260.0,0.05100737139582633,0.018346134573221207,0.02596371993422508,0.02304171398282051,0.018346134573221207,0.02596371993422508,8.532550737072597e-07,1.6793421764305094e-07,1.3686974398297025e-07,7.397356966976077e-07,1.6793421764305094e-07,1.3686974398297025e-07,1.1498597769804553e-05,0.00015622489690425597
sigmoid,3,20,4.373706817626953,2.7419350147247314,7.115641832351685,6131.0,0.03609146922826767,0.004734048154205084,0.013797465711832047,0.014725053682923315,0.004734048154205084,0.013797465711832047,1.9777985471591815e-06,1.5233993622132402e-07,7.106309851678816e-08,1.3928153066444793e-06,1.5233993622132402e-07,7.106309851678816e-08,0.0001129457031775194,0.00016876745939787072
sigmoid,3,25,4.860932350158691,3.115116596221924,7.976048946380615,6265.0,0.0417502149939537,0.007219173014163971,0.012577444314956663,0.019317075610160828,0.007219173014163971,0.012577444314956663,2.011966216741712e-06,1.2069637023159885e-07,5.191821372818595e-08,1.7007291717163753e-06,1.2069637023159885e-07,5.191821372818595e-08,9.19052635718065e-05,0.0001662312147198088
sigmoid,3,30,5.088141918182373,2.807626485824585,7.895768404006958,6012.0,0.03243966028094292,0.008008458651602268,0.0141605781391263,0.013926201499998568,0.008008458651602268,0.0141605781391263,1.032349518936826e-05,2.264773002025322e-06,1.4733411717315903e-06,8.920100299292244e-06,2.264773002025322e-06,1.4733411717315903e-06,0.0003319582665871901,0.0006409708084709379
sigmoid,3,35,5.663941144943237,4.00031304359436,9.664254188537598,6297.0,0.04981570318341255,0.00732776103541255,0.0134697537869215,0.02042197436094284,0.00732776103541255,0.0134697537869215,1.2845835044572596e-05,5.038321887695929e-06,2.1731900687882444e-06,9.011504516820423e-06,5.038321887695929e-06,2.1731900687882444e-06,0.00030225005498416,0.0006905784321982848
sigmoid,3,40,6.123769283294678,5.072925090789795,11.196694374084473,6370.0,0.05556870624423027,0.009272388182580473,0.020147729665040966,0.026989083737134933,0.009272388182580473,0.020147729665040966,4.595866812451277e-06,1.9925253127439646e-06,4.0101963350025477e-07,3.583103534765541e-06,1.9925253127439646e-06,4.0101963350025477e-07,4.666533818728502e-05,0.0003900791094065683
sigmoid,4,1,3.0156733989715576,0.507115364074707,3.5227887630462646,5135.0,0.29584306478500366,11.239571571350096,41.95164489746094,0.33234208822250366,11.239571571350096,41.95164489746094,0.025643203407526016,0.0734831839799881,0.4297149777412415,0.027007512748241425,0.0734831839799881,0.4297149777412415,0.14641464266428464,0.2371784096595356
sigmoid,4,2,3.5968127250671387,1.0382354259490967,4.635048151016235,5485.0,1.9608287811279297,4.47440481185913,4.492350101470947,1.0159751176834106,4.47440481185913,4.492350101470947,0.06657765805721283,0.07020768523216248,0.0768297091126442,0.06636866182088852,0.07020768523216248,0.0768297091126442,0.18905151400217526,0.1981856351402469
sigmoid,4,5,3.8525614738464355,3.4199559688568115,7.272517442703247,6748.0,0.32653969526290894,0.1943718641996384,0.27875000238418574,0.2980160117149353,0.1943718641996384,0.27875000238418574,1.604167846380733e-05,1.3768051303486573e-06,1.8788127817970237e-06,1.18351963465102e-05,1.3768051303486573e-06,1.8788127817970237e-06,3.928807883329943e-06,0.0006365013117835827
sigmoid,4,10,4.439004898071289,2.2785162925720215,6.7175211906433105,5969.0,0.06632448732852936,0.01776154339313507,0.02714506722986698,0.03192947804927826,0.01776154339313507,0.02714506722986698,6.250736532820156e-06,1.5328223526012152e-06,7.042409606583533e-07,6.0602487792493775e-06,1.5328223526012152e-06,7.042409606583533e-07,0.0002112737620782179,0.0004773259174154446
sigmoid,4,15,5.082355499267578,3.290212869644165,8.372568368911743,6329.0,0.03658366575837135,0.008446702733635902,0.01747075654566288,0.018170014023780823,0.008446702733635902,0.01747075654566288,6.401807240763446e-06,3.077794588079996e-07,2.666980662979768e-07,5.702047019440215e-06,3.077794588079996e-07,2.666980662979768e-07,0.00041896614679806654,0.00037810611720780527
sigmoid,4,20,5.514929533004761,3.090949535369873,8.605879068374634,6069.0,0.059733379632234566,0.014817367307841776,0.022442633286118507,0.03177154064178467,0.014817367307841776,0.022442633286118507,1.100357962968701e-06,9.863552463684755e-08,2.273063728353009e-07,9.571670034347335e-07,9.863552463684755e-08,2.273063728353009e-07,4.625830301754896e-05,0.00017050978428421914
sigmoid,4,25,6.421722650527954,4.167179346084595,10.588901996612549,6311.0,0.027271922677755356,0.004023276269435883,0.006457539740949869,0.010198461823165417,0.004023276269435883,0.006457539740949869,1.8939045958177303e-06,2.473597646712733e-07,2.1456867216329559e-07,1.9033634544030065e-06,2.473597646712733e-07,2.1456867216329559e-07,0.00016755375513546888,0.00025712883427316213
sigmoid,4,30,6.694539308547974,5.442129611968994,12.136668920516968,6473.0,0.02787425927817821,0.0015906986081972718,0.002999585121870041,0.014238459058105944,0.0015906986081972718,0.002999585121870041,5.722749278902485e-07,8.098503201381391e-08,1.670037619305731e-08,6.448822205129545e-07,8.098503201381391e-08,1.670037619305731e-08,2.3508933692045764e-05,0.0001376069655728312
sigmoid,4,35,7.046957015991211,7.201046466827393,14.248003482818604,6836.0,0.028179040178656575,0.001457256032153964,0.004288989119231701,0.012852702289819716,0.001457256032153964,0.004288989119231701,7.309773764063721e-07,1.2918442848786074e-07,4.852931212440126e-08,6.286846883085674e-07,1.2918442848786074e-07,4.852931212440126e-08,0.00013564017167574938,0.0001638410775751148
sigmoid,4,40,7.3238301277160645,6.733137369155884,14.056967496871948,6448.0,0.026293931528925892,0.0019900656770914797,0.0039036872331053014,0.010565005242824554,0.0019900656770914797,0.0039036872331053014,7.735531539765362e-07,1.9697958464348633e-07,2.7200641739000275e-08,7.288466576937935e-07,1.9697958464348633e-07,2.7200641739000275e-08,4.535051674775525e-06,0.0001589992679381299
sigmoid,5,1,3.1511764526367188,0.7191543579101562,3.870330810546875,5301.0,5.557331405725562e-06,11.13072109222412,54.755401611328125,4.013596935692476e-06,11.13072109222412,54.755401611328125,0.0270967036485672,0.11361220479011536,0.3966026604175568,0.02794878557324409,0.11361220479011536,0.3966026604175568,0.199664001795144,0.24842697134620204
sigmoid,5,2,3.685824155807495,1.1106536388397217,4.796477794647217,5503.0,2.8812944889068604,5.538127899169922,13.017587661743164,0.2648205757141113,5.538127899169922,13.017587661743164,0.062297720462083817,0.07108128070831299,0.07799861580133438,0.06166436150670052,0.07108128070831299,0.07799861580133438,0.16883171114572995,0.1906708904495292
sigmoid,5,5,4.027302503585815,2.0470707416534424,6.074373245239258,5990.0,1.0610668659210205,0.05362037941813469,0.07662846148014067,0.956217050552368,0.05362037941813469,0.07662846148014067,1.760914528858848e-05,6.931940788490465e-06,1.459550617255445e-06,1.0437632226967253e-05,6.931940788490465e-06,1.459550617255445e-06,0.0010165027106713576,0.0010138907696382188
sigmoid,5,10,4.608034133911133,3.1322343349456787,7.7402684688568115,6385.0,0.06659537553787231,0.013269507326185703,0.020796628668904305,0.03953982889652252,0.013269507326185703,0.020796628668904305,6.37258926872164e-06,1.4313334304461023e-06,1.112245513468224e-06,6.148316060716752e-06,1.4313334304461023e-06,1.112245513468224e-06,0.00010555472722537096,0.0004875851363996555
sigmoid,5,15,5.854873418807983,4.794184684753418,10.649058103561401,6824.0,0.05457475408911705,0.012332186102867126,0.020300565287470818,0.02503359131515026,0.012332186102867126,0.020300565287470818,1.7510909628981608e-06,1.0869084121623018e-07,4.076627391214061e-08,2.092077920679003e-06,1.0869084121623018e-07,4.076627391214061e-08,9.005400032929822e-06,0.0002077798567028597
sigmoid,5,20,6.224398612976074,3.6218104362487793,9.846209049224854,6159.0,0.031122006475925446,0.0006864595925435424,0.0021836140658706422,0.01989353820681572,0.0006864595925435424,0.0021836140658706422,9.361172601529689e-07,2.2412318401165973e-07,1.1578643466236826e-07,7.253565854625776e-07,2.2412318401165973e-07,1.1578643466236826e-07,0.00017220291742794935,0.00014555207422913496
sigmoid,5,25,7.4734206199646,4.45739221572876,11.93081283569336,6122.0,0.03567776083946228,0.009941953234374525,0.019661426544189453,0.018490007147192955,0.009941953234374525,0.019661426544189453,1.3178294011595426e-06,2.1275101858009293e-07,7.378451272188613e-08,1.495627884651185e-06,2.1275101858009293e-07,7.378451272188613e-08,0.00020460274568087633,0.0001973043143750276
sigmoid,5,30,8.220616817474365,7.365689754486084,15.58630657196045,6679.0,0.029043491929769516,0.00503543158993125,0.010598808526992796,0.012375373393297195,0.00503543158993125,0.010598808526992796,7.826757268958318e-07,1.5117872464998072e-07,5.523221702219416e-08,8.884763929017937e-07,1.5117872464998072e-07,5.523221702219416e-08,2.274427065365736e-05,0.00015787039006021566
sigmoid,5,35,9.068865776062012,6.697771310806274,15.766637086868286,6273.0,0.027541471645236012,0.0033160988241434097,0.004188210237771273,0.012441404163837433,0.0033160988241434097,0.004188210237771273,5.628699568660522e-07,1.1132030408589345e-07,4.1285602492280304e-08,4.0472406226399476e-07,1.1132030408589345e-07,4.1285602492280304e-08,7.433209070675795e-05,0.0001503538422592216
sigmoid,5,40,9.430142164230347,5.484398603439331,14.914540767669678,5863.0,0.03703412786126137,0.0026632619556039567,0.007536592427641153,0.01644025929272175,0.0026632619556039567,0.007536592427641153,1.0692359637687332e-06,1.9928600636376362e-07,2.6479913373123054e-08,9.216896046382318e-07,1.9928600636376362e-07,2.6479913373123054e-08,0.00014055285105221693,0.00015629582810519431
sigmoid,6,1,3.6813368797302246,0.6546475887298584,4.335984468460083,5167.0,0.3796854317188263,13.825082778930664,42.612014770507805,0.560219407081604,13.825082778930664,42.612014770507805,0.02105081081390381,0.13073214888572693,0.4170613884925842,0.0224822610616684,0.13073214888572693,0.4170613884925842,0.23670113596567624,0.26303626526687945
sigmoid,6,2,4.39792275428772,0.856194019317627,5.254116773605347,5269.0,0.8884075880050659,6.900986194610596,4.027532100677489,0.6680781841278076,6.900986194610596,4.027532100677489,0.05929466336965561,0.07458813488483429,0.07996463775634764,0.05817341431975365,0.07458813488483429,0.07996463775634764,0.15499723467478269,0.18513431952973558
sigmoid,6,5,4.954119920730591,2.703611373901367,7.657731294631958,6132.0,0.17844034731388092,0.02636819519102573,0.042395781725645065,0.1677549034357071,0.02636819519102573,0.042395781725645065,3.4379067074041814e-05,1.72116915564402e-06,2.2139927295938833e-06,2.9288650694070384e-05,1.72116915564402e-06,2.2139927295938833e-06,0.0019081779991675096,0.0010327212389196806
sigmoid,6,10,5.578820705413818,4.872101068496704,10.450921773910522,6918.0,0.042636200785636895,0.010518500581383703,0.025235189124941822,0.02186346799135208,0.010518500581383703,0.025235189124941822,3.15379156745621e-06,2.60710493193983e-07,2.0047718862770125e-07,2.6318114123569103e-06,2.60710493193983e-07,2.0047718862770125e-07,0.0001733252083349901,0.0002510348892270634
sigmoid,6,15,6.9445695877075195,3.936368703842163,10.880938291549683,6267.0,0.03208678960800171,0.004123489838093519,0.005663395393639802,0.02216660045087337,0.004123489838093519,0.005663395393639802,1.2612588307092665e-06,2.7107358846478746e-07,6.131939045417312e-08,1.0094945537275635e-06,2.7107358846478746e-07,6.131939045417312e-08,4.016843190676744e-05,0.00023675747748554566
sigmoid,6,20,7.677504301071167,5.871703147888184,13.54920744895935,6597.0,0.04588163271546364,0.009723128750920296,0.013376669026911259,0.020467573776841164,0.009723128750920296,0.013376669026911259,1.1480972261779243e-06,9.543364143382861e-08,1.8123603950925823e-08,1.3120178437020511e-06,9.543364143382861e-08,1.8123603950925823e-08,0.0002608350242089552,0.00016811922237314217
sigmoid,6,25,8.621948957443237,4.224222421646118,12.846171379089355,5927.0,0.03429175540804863,0.0051521616987884045,0.008136461488902569,0.016901401802897453,0.0051521616987884045,0.008136461488902569,1.955298557732021e-06,3.3035570368156186e-07,4.514793872090195e-08,1.9081583104707533e-06,3.3035570368156186e-07,4.514793872090195e-08,9.486589083188002e-05,0.0002022838227974872
sigmoid,6,30,9.731199502944946,9.737200498580933,19.46840000152588,6839.0,0.017208175733685493,0.004151581320911646,0.008204055018723011,0.011670997366309164,0.004151581320911646,0.008204055018723011,3.6403156400410813e-07,5.1305583781413595e-08,1.0859599441914725e-08,4.1220192770197173e-07,5.1305583781413595e-08,1.0859599441914725e-08,0.00013445827612393324,0.00013650426908426902
sigmoid,6,35,10.987557411193848,9.195430994033813,20.18298840522766,6477.0,0.028870025649666783,0.003829913912340999,0.007987671531736849,0.013853734359145164,0.003829913912340999,0.007987671531736849,1.4588109706892283e-06,2.4019476541070617e-07,1.069531379016553e-07,1.6936429574343492e-06,2.4019476541070617e-07,1.069531379016553e-07,0.00022047248235232408,0.00024307331651716608
sigmoid,6,40,10.851561784744263,7.739846229553223,18.591408014297485,6045.0,0.03015308268368244,0.004907614551484585,0.009656857699155807,0.016385722905397415,0.004907614551484585,0.009656857699155807,9.471924613535521e-07,2.7484801989885455e-07,6.391968554453342e-08,8.919822676034529e-07,2.7484801989885455e-07,6.391968554453342e-08,8.525464186184828e-05,0.00014989920106514768
sigmoid,10,100,100.15073466300964,157.4429965019226,257.59373116493225,7151.0,0.025415977463126183,0.0031459182500839238,0.004340869374573232,0.015265518799424171,0.0031459182500839238,0.004340869374573232,4.889302545052488e-07,4.003682718689561e-09,3.940729076390425e-09,4.4192177028890006e-07,4.003682718689561e-09,3.940729076390425e-09,4.0987995772429064e-05,5.389965647365768e-05
relu,1,1,1.7324519157409668,0.15003418922424316,1.88248610496521,5003.0,0.0,11.133660316467283,54.826217651367195,0.0,11.133660316467283,54.826217651367195,0.0,0.1113365963101387,0.5482621788978577,0.0,0.1113365963101387,0.5482621788978577,0.3627488962138604,0.33426888067783933
relu,1,2,1.9430923461914062,0.1945507526397705,2.1376430988311768,5082.0,0.04866718128323554,11.930557250976562,44.57249450683594,0.02751651220023632,11.930557250976562,44.57249450683594,0.009100984781980513,0.1212983876466751,0.45792520046234125,0.006823328323662281,0.1212983876466751,0.45792520046234125,0.2527137524212312,0.2644174509246166
relu,1,5,1.8964285850524902,0.1780400276184082,2.0744686126708984,5051.0,0.17665469646453855,0.8289585113525391,1.0237023830413818,0.1603260040283203,0.8289585113525391,1.0237023830413818,0.031852204352617264,0.02465170621871948,0.0393928587436676,0.02944220975041389,0.02465170621871948,0.0393928587436676,0.8352285572563697,0.2679868246697651
relu,1,10,1.8754239082336426,0.1890428066253662,2.064466714859009,5082.0,0.19146558642387393,0.505626380443573,0.49434810876846313,0.14299485087394714,0.505626380443573,0.49434810876846313,0.03831331431865692,0.022279288619756695,0.035389937460422516,0.03124966844916344,0.022279288619756695,0.035389937460422516,0.8961454578911353,0.27120315029563796
relu,1,15,1.95644211769104,0.24205470085144043,2.1984968185424805,5177.0,0.288789302110672,0.2840767800807953,0.4147162139415741,0.1855681538581848,0.2840767800807953,0.4147162139415741,0.06092982366681098,0.02061663568019867,0.057406120002269745,0.0598234049975872,0.02061663568019867,0.057406120002269745,0.7495464035545875,0.28862702902564646
relu,1,20,1.9576666355133057,0.20055174827575684,2.1582183837890625,5101.0,0.21892647445201877,0.11286983639001846,0.13319416344165802,0.14276690781116483,0.11286983639001846,0.13319416344165802,0.03308969363570213,0.01659797877073288,0.034688323736190796,0.024173170328140255,0.01659797877073288,0.034688323736190796,0.8241777369057227,0.25550598560544974
relu,1,25,1.9764385223388672,0.22204971313476562,2.198488235473633,5148.0,0.2127542346715927,0.12320397794246672,0.2873184084892273,0.10571314394474028,0.12320397794246672,0.2873184084892273,0.039767522364854806,0.016382724046707153,0.03690778836607933,0.032241277396678925,0.016382724046707153,0.03690778836607933,0.6620565005814124,0.25420533113687105
relu,1,30,2.0084540843963623,0.17809629440307617,2.1865503787994385,5063.0,0.21944499015808103,0.12175475805997849,0.26605215668678284,0.1248483657836914,0.12175475805997849,0.26605215668678284,0.046436857432127,0.01850643567740917,0.038424354046583176,0.04313395917415618,0.01850643567740917,0.038424354046583176,0.6459926315819312,0.23193259799774907
relu,1,35,1.996443510055542,0.18903493881225586,2.185478448867798,5081.0,0.22069403529167173,0.12611696124076843,0.29504474997520447,0.11858847737312316,0.12611696124076843,0.29504474997520447,0.03749826177954674,0.018689103424549103,0.03249400109052658,0.02986348420381546,0.018689103424549103,0.03249400109052658,0.7993409582649756,0.24795933259226924
relu,1,40,2.0634655952453613,0.1980445384979248,2.261510133743286,5093.0,0.26189395785331726,0.13917431235313416,0.2703969478607178,0.16089937090873718,0.13917431235313416,0.2703969478607178,0.03347727283835411,0.017702719196677208,0.033081863075494766,0.027381233870983124,0.017702719196677208,0.033081863075494766,0.7513112970863868,0.2383344335918633
relu,2,1,1.9012703895568848,0.16955018043518066,2.0708205699920654,5003.0,0.0,11.133660316467283,54.826217651367195,0.0,11.133660316467283,54.826217651367195,0.0,0.1113365963101387,0.5482621788978577,0.0,0.1113365963101387,0.5482621788978577,0.3627488962138604,0.3342606541555969
relu,2,2,2.1414759159088135,0.20104479789733887,2.3425207138061523,5048.0,0.0548490472137928,12.311088562011719,35.141563415527344,0.029643584042787552,12.311088562011719,35.141563415527344,0.01988491788506508,0.12154990434646606,0.368554413318634,0.013616051524877548,0.12154990434646606,0.368554413318634,0.16208743627616876,0.23936679341765746
relu,2,5,2.2394983768463135,0.1990375518798828,2.4385359287261963,5049.0,0.23831163346767423,0.08149389177560806,0.07732651382684708,0.1958182156085968,0.08149389177560806,0.07732651382684708,0.029863053932785988,0.01874900981783867,0.01599007099866867,0.023591883480548855,0.01874900981783867,0.01599007099866867,0.7950981804405738,0.21094414128960393
relu,2,10,2.346522092819214,0.2360541820526123,2.582576274871826,5106.0,0.13950496912002563,0.029751833528280255,0.03799479454755783,0.11096619069576263,0.029751833528280255,0.03799479454755783,0.025857090950012207,0.012948919087648392,0.012399208731949328,0.02233589254319668,0.012948919087648392,0.012399208731949328,0.9098055311714698,0.24323277661614542
relu,2,15,2.6185836791992188,0.3250737190246582,2.943657398223877,5236.0,0.08911706507205963,0.009771069511771202,0.014375305734574795,0.0650767982006073,0.009771069511771202,0.014375305734574795,0.02139226347208023,0.013225749135017397,0.006792773958295584,0.016181375831365585,0.013225749135017397,0.006792773958295584,0.898746962217002,0.2601914635111371
relu,2,20,2.4645705223083496,0.2710609436035156,2.7356314659118652,5158.0,0.09456019848585127,0.023653004318475723,0.007341442629694938,0.07064090669155121,0.023653004318475723,0.007341442629694938,0.01480820309370756,0.012792900204658508,0.001521666650660336,0.007804723922163248,0.012792900204658508,0.001521666650660336,0.8677684017693091,0.3025117786656243
relu,2,25,2.6245851516723633,0.23282313346862793,2.857408285140991,5095.0,0.10130105912685394,0.014073598198592663,0.03270791471004486,0.06250424683094025,0.014073598198592663,0.03270791471004486,0.027814026921987534,0.015294468961656092,0.011969254352152348,0.02125662192702293,0.015294468961656092,0.011969254352152348,0.8541001030479957,0.20897269251482514
relu,2,30,2.765204906463623,0.25898265838623047,3.0241875648498535,5132.0,0.0637991726398468,0.010743527673184872,0.00029251817613840103,0.038978997617959976,0.010743527673184872,0.00029251817613840103,0.03468092158436775,0.006113665644079447,0.0025743492878973484,0.01998484879732132,0.006113665644079447,0.0025743492878973484,0.8517609783684302,0.23671447798663936
relu,2,35,2.8276305198669434,0.21204876899719238,3.0396792888641357,5063.0,0.07077061384916306,0.017849206924438477,0.0006704886327497661,0.04641327261924744,0.017849206924438477,0.0006704886327497661,0.02971143275499344,0.013281702995300291,0.005638716276735067,0.023509372025728226,0.013281702995300291,0.005638716276735067,0.8383239456688453,0.22577092595911208
relu,2,40,2.792168617248535,0.2540576457977295,3.0462262630462646,5090.0,0.06495142728090286,0.014258889481425284,2.27222808462102e-05,0.036770641803741455,0.014258889481425284,2.27222808462102e-05,0.025625064969062805,0.01101541705429554,0.004485133104026318,0.014441258274018764,0.01101541705429554,0.004485133104026318,0.8651909777199317,0.24566110520256193
relu,3,1,1.8454172611236572,0.2000446319580078,2.045461893081665,5003.0,0.0,11.133660316467283,54.826217651367195,0.0,11.133660316467283,54.826217651367195,0.0,0.1113365963101387,0.5482621788978577,0.0,0.1113365963101387,0.5482621788978577,0.3627488962138604,0.3342606541555969
relu,3,2,2.2445075511932373,0.23105263710021973,2.475560188293457,5051.0,1.8933188915252683,2.446223258972168,1.270604372024536,1.7919813394546509,2.446223258972168,1.270604372024536,0.03270643949508667,0.030943796038627625,0.06114528328180313,0.03174503892660141,0.030943796038627625,0.06114528328180313,0.8171106525932837,0.3088368354584216
relu,3,5,2.4582676887512207,0.274061918258667,2.7323296070098877,5110.0,0.28737351298332214,0.32573640346527094,0.492279589176178,0.1674678325653076,0.32573640346527094,0.492279589176178,0.036166157573461526,0.029238749295473095,0.0549778789281845,0.031767599284648895,0.029238749295473095,0.0549778789281845,0.7736499854599524,0.30192620998700315
relu,3,10,2.5960946083068848,0.2551248073577881,2.851219415664673,5082.0,0.05675696209073067,0.011757570318877695,0.0013713632943108676,0.02658282406628132,0.011757570318877695,0.0013713632943108676,0.02732587978243828,0.009834666736423968,0.004508401267230512,0.014155862852931023,0.009834666736423968,0.004508401267230512,0.8247526833092261,0.24301651492731258
relu,3,15,2.949666738510132,0.3360762596130371,3.285742998123169,5189.0,0.07667221128940582,0.011103805154561996,2.582122215244453e-05,0.04896960034966469,0.011103805154561996,2.582122215244453e-05,0.022961203008890152,0.012240974232554436,0.006162942387163639,0.015585521236062048,0.012240974232554436,0.006162942387163639,0.9151403852974463,0.24363809350671675
relu,3,20,3.1422336101531982,0.258059024810791,3.4002926349639893,5065.0,0.0501110628247261,0.006258599925786257,0.0001119943626690656,0.021324407309293743,0.006258599925786257,0.0001119943626690656,0.029015161097049717,0.007132400758564472,0.003164401743561029,0.010951559990644453,0.007132400758564472,0.003164401743561029,0.8590608188187171,0.2621947738584862
relu,3,25,3.435776472091675,0.2870650291442871,3.722841501235962,5091.0,0.06673093140125275,0.011945008300244808,5.6063800002448254e-05,0.0437452420592308,0.011945008300244808,5.6063800002448254e-05,0.014656648971140385,0.013662273995578287,0.0014495879877358675,0.006834330037236214,0.013662273995578287,0.0014495879877358675,0.8888701149498511,0.29694293893406337
relu,3,30,3.6398227214813232,0.27506256103515625,3.9148852825164795,5083.0,0.06446245312690735,0.010159559547901152,0.00025302122230641544,0.034261733293533325,0.010159559547901152,0.00025302122230641544,0.024065762758255005,0.010238918475806711,0.0053747487254440784,0.015535243786871432,0.010238918475806711,0.0053747487254440784,0.7784120985542823,0.2247111719424381
relu,3,35,3.727144956588745,0.2704427242279053,3.9975876808166504,5078.0,0.05565046891570091,0.010859987698495388,4.872481440543197e-05,0.02950276061892509,0.010859987698495388,4.872481440543197e-05,0.025506889447569847,0.011188399046659468,0.0031375789549201727,0.015590573661029339,0.011188399046659468,0.0031375789549201727,0.8324261256729651,0.24991794539058831
relu,3,40,3.7418458461761475,0.25905871391296387,4.000904560089111,5056.0,0.05228758230805397,0.012034883722662924,3.837820622720756e-05,0.0319678820669651,0.012034883722662924,3.837820622720756e-05,0.021920049563050274,0.010423079133033752,0.0038935597985982895,0.014298633672297,0.010423079133033752,0.0038935597985982895,0.820874864724784,0.252740439867027
relu,4,1,2.0354597568511963,0.23205351829528809,2.2675132751464844,5003.0,0.0,11.133660316467283,54.826217651367195,0.0,11.133660316467283,54.826217651367195,0.0,0.1113365963101387,0.5482621788978577,0.0,0.1113365963101387,0.5482621788978577,0.3627488962138604,0.3342606541555969
relu,4,2,2.670567512512207,0.24605631828308105,2.916623830795288,5038.0,0.05186307802796364,12.83544635772705,37.405216217041016,0.028602585196495056,12.83544635772705,37.405216217041016,0.017719414085149765,0.13217705488204956,0.3841155171394348,0.011970730498433111,0.13217705488204956,0.3841155171394348,0.20244269582876676,0.24811165585920394
relu,4,5,2.9396562576293945,0.39208078384399414,3.3317370414733887,5221.0,0.0879237875342369,0.0145642114803195,0.014689766801893713,0.06231570616364479,0.0145642114803195,0.014689766801893713,0.013856823556125164,0.013435503467917442,0.0017370381392538548,0.00643950467929244,0.013435503467917442,0.0017370381392538548,0.7436999031578589,0.2927118109012892
relu,4,10,3.1056935787200928,0.26905274391174316,3.374746322631836,5056.0,0.06754543632268906,0.009119043126702307,0.0053283278830349445,0.04102607816457749,0.009119043126702307,0.0053283278830349445,0.03458285331726074,0.007574444171041249,0.003838054370135069,0.02298557758331299,0.007574444171041249,0.003838054370135069,0.8507613488709022,0.24859561465627883
relu,4,15,3.612807512283325,0.38988471031188965,4.002692222595215,5190.0,0.0727248340845108,0.01226440817117691,0.00019115011673420668,0.048298344016075134,0.01226440817117691,0.00019115011673420668,0.025893624871969223,0.011546080000698566,0.00500481529161334,0.016672836616635323,0.011546080000698566,0.00500481529161334,0.9279222437416602,0.2667988515192646
relu,4,20,3.642815351486206,0.3020615577697754,3.9448769092559814,5085.0,0.05311445146799088,0.008159222081303596,2.2042104319552888e-05,0.026237135753035545,0.008159222081303596,2.2042104319552888e-05,0.025520186871290207,0.006259544752538204,0.003381919814273715,0.015526406466960905,0.006259544752538204,0.003381919814273715,0.8540882417236854,0.2522426104148281
relu,4,25,4.088916063308716,0.2780635356903076,4.366979598999023,5057.0,0.05641976371407509,0.016310274600982666,0.0018527874490246177,0.03032173588871956,0.016310274600982666,0.0018527874490246177,0.026279859244823452,0.008507124148309233,0.00356944790109992,0.016344957053661346,0.008507124148309233,0.00356944790109992,0.8076980659042884,0.2449917393575003
relu,4,30,4.31303858757019,0.3478116989135742,4.660850286483765,5115.0,0.056932833045721054,0.010892381891608238,0.0006146231316961348,0.030345629900693893,0.010892381891608238,0.0006146231316961348,0.03222521021962166,0.008614039048552513,0.0028948173858225346,0.017564039677381516,0.008614039048552513,0.0028948173858225346,0.8447328754936744,0.2423973518020457
relu,4,35,4.577026844024658,0.31707143783569336,4.894098281860352,5097.0,0.060306012630462646,0.011601480655372143,7.029287371551618e-05,0.03178618103265762,0.011601480655372143,7.029287371551618e-05,0.02258923463523388,0.011675721034407616,0.007510778959840536,0.015132718719542027,0.011675721034407616,0.007510778959840536,0.73416220631948,0.22711025787994335
relu,4,40,4.97100043296814,0.30709004402160645,5.278090476989746,5076.0,0.053227808326482766,0.008134981617331505,0.0009149013785645364,0.025829140096902847,0.008134981617331505,0.0009149013785645364,0.03189404308795929,0.00678316643461585,0.0017472186591476202,0.016305584460496902,0.00678316643461585,0.0017472186591476202,0.8622024008308936,0.25946759488736726
relu,5,1,2.4623894691467285,0.24605536460876465,2.708444833755493,5003.0,0.0,11.133659362792969,54.826217651367195,0.0,11.133659362792969,54.826217651367195,0.0,0.1113365888595581,0.5482621788978577,0.0,0.1113365888595581,0.5482621788978577,0.3627488962138604,0.3342606541555969
relu,5,2,3.03067684173584,0.314251184463501,3.344928026199341,5080.0,0.3021168112754822,0.818341851234436,1.0585066080093384,0.28752148151397705,0.818341851234436,1.0585066080093384,0.020147057250142097,0.04793906211853027,0.04870092868804932,0.022471666336059567,0.04793906211853027,0.04870092868804932,0.7731434651886512,0.2897629263425017
relu,5,5,3.44531512260437,0.2600588798522949,3.705374002456665,5003.0,0.0,11.133660316467283,54.826217651367195,0.0,11.133660316467283,54.826217651367195,0.0,0.11133660376071929,0.5482621788978577,0.0,0.11133660376071929,0.5482621788978577,0.3627488962138604,0.3342606541555969
relu,5,10,3.571807622909546,0.29506754875183105,3.866875171661377,5051.0,0.0843707174062729,0.011063055135309696,0.00856232922524214,0.05379515886306763,0.011063055135309696,0.00856232922524214,0.033409833908081055,0.01151738315820694,0.006920287385582924,0.0223131999373436,0.01151738315820694,0.006920287385582924,0.9076766916786719,0.22396767994317848
relu,5,15,4.176935434341431,0.312070369720459,4.48900580406189,5060.0,0.06398056447505951,0.01106630265712738,0.00019838912703562528,0.0391206368803978,0.01106630265712738,0.00019838912703562528,0.03035634942352772,0.0092083727940917,0.005110695958137512,0.020567163825035092,0.0092083727940917,0.005110695958137512,0.9223306128059913,0.24233435980485346
relu,5,20,4.210711479187012,0.324080228805542,4.534791707992554,5070.0,0.05931507423520088,0.0113687040284276,8.992903167381881e-05,0.03396863117814064,0.0113687040284276,8.992903167381881e-05,0.022767553105950356,0.009704066440463066,0.004669198300689458,0.014797626994550228,0.009704066440463066,0.004669198300689458,0.8390972563301612,0.2612415358843047
relu,5,25,4.888096332550049,0.3900883197784424,5.278184652328491,5130.0,0.05760754272341728,0.015636445954442024,0.003691203892230988,0.03494513779878616,0.015636445954442024,0.003691203892230988,0.02389641664922237,0.009959237650036814,0.0054204873740673065,0.016685789451003075,0.009959237650036814,0.0054204873740673065,0.8011329719101478,0.2531133793408613
relu,5,30,5.188577890396118,0.327073335647583,5.515651226043701,5054.0,0.05034070834517479,0.010209053754806519,0.00037921403418295085,0.02837524563074112,0.010209053754806519,0.00037921403418295085,0.026265854015946388,0.005823211744427681,0.002451107604429126,0.016428660601377487,0.005823211744427681,0.002451107604429126,0.8837042995964576,0.27233087800812855
relu,5,35,5.620270490646362,0.38808703422546387,6.008357524871826,5106.0,0.06505449116230011,0.013874188996851444,0.0001594790956005454,0.045372903347015374,0.013874188996851444,0.0001594790956005454,0.02039795368909836,0.011969097889959812,0.0047278376296162605,0.013264538720250128,0.011969097889959812,0.0047278376296162605,0.8281820365463782,0.24905555029778811
relu,5,40,5.695627450942993,0.442610502243042,6.138237953186035,5148.0,0.05664362758398056,0.008799026720225811,6.304954877123237e-05,0.03253890946507454,0.008799026720225811,6.304954877123237e-05,0.022035876289010048,0.012328110635280607,0.005731828510761261,0.013788859359920023,0.012328110635280607,0.005731828510761261,0.8273993083511878,0.25067860486933746
relu,6,1,2.650202512741089,0.2838902473449707,2.9340927600860596,5003.0,0.0,11.133660316467283,54.826217651367195,0.0,11.133660316467283,54.826217651367195,0.0,0.1113365888595581,0.5482621788978577,0.0,0.1113365888595581,0.5482621788978577,0.3627488962138604,0.3342606541555969
relu,6,2,3.139033079147339,0.2780625820159912,3.41709566116333,5003.0,0.0,11.133660316467283,54.826217651367195,0.0,11.133660316467283,54.826217651367195,0.0,0.1113365888595581,0.5482621788978577,0.0,0.1113365888595581,0.5482621788978577,0.3627488962138604,0.3342606541555969
relu,6,5,3.590231418609619,0.3370380401611328,3.927269458770752,5073.0,0.09559659659862518,0.017428766936063766,0.005615293979644775,0.07334914803504944,0.017428766936063766,0.005615293979644775,0.021043794229626652,0.01473613828420639,0.00704179098829627,0.015560273081064224,0.01473613828420639,0.00704179098829627,0.9236324974571753,0.25014070191612137
relu,6,10,3.7088310718536377,0.3340754508972168,4.0429065227508545,5055.0,0.07111690938472748,0.011167826130986212,0.005042918026447296,0.04128871113061905,0.011167826130986212,0.005042918026447296,0.03235496208071709,0.008785905316472054,0.0037065716460347176,0.02198979817330837,0.008785905316472054,0.0037065716460347176,0.7046844312225867,0.21804541821238926
relu,6,15,4.508816957473755,0.402388334274292,4.911205291748047,5126.0,0.0655595064163208,0.011909836903214455,0.00037557416362687945,0.03679125010967255,0.011909836903214455,0.00037557416362687945,0.02284461073577404,0.009031598456203936,0.003524384694173932,0.012143629603087902,0.009031598456203936,0.003524384694173932,0.8606742569481421,0.2662697865279317
relu,6,20,4.586404085159302,0.37508487701416016,4.961488962173462,5088.0,0.05834985896945,0.010786463506519794,0.00017652050883043555,0.02990826964378357,0.010786463506519794,0.00017652050883043555,0.024425311014056202,0.009552480652928352,0.003625270212069154,0.013100776821374891,0.009552480652928352,0.003625270212069154,0.8402818390404273,0.24475169619426454
relu,6,25,5.553254842758179,0.36408281326293945,5.917337656021118,5070.0,0.05455831065773964,0.01143735833466053,4.8104215238709e-05,0.03078535571694374,0.01143735833466053,4.8104215238709e-05,0.025807524099946026,0.010135002434253693,0.003865005914121866,0.015628356486558914,0.010135002434253693,0.003865005914121866,0.817305619386344,0.23956542682821413
relu,6,30,5.954344987869263,0.4826169013977051,6.436961889266968,5158.0,0.06230251118540764,0.011561538092792034,0.0009602638892829417,0.037024516612291336,0.011561538092792034,0.0009602638892829417,0.027897091582417488,0.010083409026265144,0.006689907517284154,0.02068390697240829,0.010083409026265144,0.006689907517284154,0.7839716025864173,0.23190611483373957
relu,6,35,6.326514005661011,0.35708022117614746,6.683594226837158,5061.0,0.04837990179657936,0.008107499219477177,0.0009517968283034861,0.024660322815179825,0.008107499219477177,0.0009517968283034861,0.02417497709393501,0.008467884734272957,0.002211059210821986,0.013710702769458292,0.008467884734272957,0.002211059210821986,0.8535801717316199,0.27578509617613894
relu,6,40,6.6153624057769775,0.414093017578125,7.0294554233551025,5100.0,0.0625326856970787,0.009870065376162529,4.642592830350623e-05,0.03506338223814964,0.009870065376162529,4.642592830350623e-05,0.024197155609726902,0.010873707011342049,0.004720897413790226,0.017890293151140213,0.010873707011342049,0.004720897413790226,0.870319718984275,0.26218180200388125
relu,10,100,57.77186584472656,2.272085189819336,60.0439510345459,5108.0,0.06073402613401413,0.009303318336606024,0.00018999444728251544,0.03754187747836113,0.009303318336606024,0.00018999444728251544,0.0242732297629118,0.008858604356646538,0.0049459077417850494,0.016140852123498917,0.008858604356646538,0.0049459077417850494,0.813986653951316,0.24878678529214499
swish,1,1,2.3505539894104004,0.4160938262939453,2.7666478157043457,5163.0,0.36947417259216314,7.10921573638916,21.69577980041504,0.24639096856117249,7.10921573638916,21.69577980041504,0.0394509881734848,0.06932615488767624,0.20059531927108765,0.039271555840969086,0.06932615488767624,0.20059531927108765,0.30103027310719976,0.19787676476164412
swish,1,2,2.374528408050537,0.3590729236602783,2.7336013317108154,5119.0,0.35882231593132013,6.928239822387695,50.07785034179688,0.21191245317459104,6.928239822387695,50.07785034179688,0.010783919133245943,0.10165251791477203,0.5236526727676392,0.007583105936646461,0.10165251791477203,0.5236526727676392,0.3908909610236596,0.35494560903976613
swish,1,5,2.718606472015381,0.9752123355865479,3.6938188076019287,5548.0,0.7754923701286317,0.4933391809463501,1.3432568311691284,0.8515682816505432,0.4933391809463501,1.3432568311691284,0.005048454273492098,0.0012576335575431583,0.0008256502333097159,0.004101336933672428,0.0012576335575431583,0.0008256502333097159,0.018075113626809053,0.02430194688896037
swish,1,10,2.8389532566070557,3.7738449573516846,6.61279821395874,7373.0,0.7573397755622863,0.43202280998229986,1.5362521409988403,0.4447094798088074,0.43202280998229986,1.5362521409988403,0.00016615768254268914,4.824110874324106e-05,1.0825481695064807e-05,0.0001535069604869932,4.824110874324106e-05,1.0825481695064807e-05,0.0022743991340112013,0.0025916377167538493
swish,1,15,3.231123685836792,3.722536325454712,6.953660011291504,7323.0,0.17723181843757627,0.2004959136247635,0.45580217242240906,0.13873960077762604,0.2004959136247635,0.45580217242240906,0.0001849889667937532,9.266952474717982e-06,8.236736903199926e-06,0.0001970325683942065,9.266952474717982e-06,8.236736903199926e-06,0.0031336596930932326,0.0019529305822409346
swish,1,20,3.254727363586426,2.6895997524261475,5.944327116012573,6607.0,0.24785557389259336,0.10675685107707976,0.31596696376800537,0.10304697602987288,0.10675685107707976,0.31596696376800537,0.00014713441487401724,2.570343167462852e-05,1.0382855180068871e-05,0.00013943180965725332,2.570343167462852e-05,1.0382855180068871e-05,0.0028039267981957716,0.0020603187602988965
swish,1,25,3.447572946548462,2.8131885528564453,6.260761499404907,6636.0,0.1956665962934494,0.12492135912179946,0.2937660217285156,0.08388672024011613,0.12492135912179946,0.2937660217285156,5.896632501389831e-05,5.121988124301424e-06,3.845405444735661e-06,6.166136881802231e-05,5.121988124301424e-06,3.845405444735661e-06,0.0003162571465063768,0.0010168705335802878
swish,1,30,3.6258111000061035,4.526546239852905,8.152357339859009,7608.0,0.11048074811697006,0.03190473094582558,0.07747754454612733,0.06981252133846283,0.03190473094582558,0.07747754454612733,3.1568830308970064e-05,8.63154582475545e-07,6.305149895524664e-07,3.4405460610287264e-05,8.63154582475545e-07,6.305149895524664e-07,0.00020218405374997084,0.0006350635475739451
swish,1,35,3.874825954437256,5.727576017379761,9.602401971817017,8137.0,0.18388952314853668,0.02227097563445568,0.03646031394600868,0.1488892287015915,0.02227097563445568,0.03646031394600868,1.7184376702061854e-05,6.481885179709935e-07,6.412784046005983e-07,1.895148125186097e-05,6.481885179709935e-07,6.412784046005983e-07,0.0003830143486548143,0.00041981638564652003
swish,1,40,3.9899017810821533,4.282968759536743,8.272870540618896,7440.0,0.40976899862289434,0.11328616738319396,0.19760139286518097,0.3361465632915497,0.11328616738319396,0.19760139286518097,2.109263004967943e-05,8.672462854519836e-07,7.695912245253567e-07,2.0291396140237335e-05,8.672462854519836e-07,7.695912245253567e-07,0.0006994060004662794,0.0004555144618669514
swish,2,1,3.546757698059082,0.6959390640258789,4.242696762084961,5196.0,0.358144074678421,6.390949249267577,20.990137100219727,0.194286584854126,6.390949249267577,20.990137100219727,0.041494932025671005,0.07189451158046721,0.19846525788307187,0.04043077677488327,0.07189451158046721,0.19846525788307187,0.29568969693532476,0.19540600502124914
swish,2,2,3.997056245803833,0.963202953338623,4.960259199142456,5397.0,2.1370549201965328,4.0045151710510245,49.617141723632805,0.4051176905632019,4.0045151710510245,49.617141723632805,0.04584981128573418,0.012561775743961334,0.03255629539489746,0.04572329670190811,0.012561775743961334,0.03255629539489746,0.1900321194206763,0.14730906583524656
swish,2,5,3.875868082046509,1.53533935546875,5.411207437515259,5693.0,0.0622880719602108,0.005372179672122002,0.010673158802092075,0.04007349163293839,0.005372179672122002,0.010673158802092075,3.739519524970092e-05,7.715968877164415e-07,4.8691358642827245e-06,3.319808456581086e-05,7.715968877164415e-07,4.8691358642827245e-06,0.0028764554535437303,0.0010587967206528686
swish,2,10,4.414080619812012,3.6751558780670166,8.089236497879028,6728.0,0.014470191672444344,0.006848448421806097,0.031060192734003067,0.009224195964634417,0.006848448421806097,0.031060192734003067,1.7685358670860296e-06,2.944443053820578e-07,6.18836182297855e-08,1.325790208284161e-06,2.944443053820578e-07,6.18836182297855e-08,7.935848584658678e-05,0.0001927706529755339
swish,2,15,5.1414172649383545,4.988079071044922,10.129496335983276,7294.0,0.01541911531239748,0.005125576164573431,0.010146033018827438,0.009198258630931376,0.005125576164573431,0.010146033018827438,3.3666310628177603e-07,1.0632252411824084e-08,3.418917593478454e-09,2.598353603389114e-07,1.0632252411824084e-08,3.418917593478454e-09,2.1701189370088025e-05,5.057731414067019e-05
swish,2,20,5.510237216949463,3.4029541015625,8.913191318511963,6380.0,0.012193691916763783,0.0023706445936113596,0.005877980496734381,0.006027502007782459,0.0023706445936113596,0.005877980496734381,5.165944912732812e-06,2.640571210577036e-07,2.3038799668029242e-07,4.411065674503334e-06,2.640571210577036e-07,2.3038799668029242e-07,1.0604528098173693e-05,0.00019252734133363186
swish,2,25,6.088804483413696,2.385530948638916,8.474335432052612,5830.0,0.004090303555130959,0.0004938411875627935,0.00032803721842356026,0.00239920592866838,0.0004938411875627935,0.00032803721842356026,5.004197305424897e-07,3.159136952035624e-08,1.2048044339962873e-08,5.145164436726192e-07,3.159136952035624e-08,1.2048044339962873e-08,1.5250171136182988e-06,9.715431886130825e-05
swish,2,30,6.750223875045776,2.991569757461548,9.741793632507324,6012.0,0.005208784248679876,0.003933829255402088,0.009357571601867678,0.001600933726876974,0.003933829255402088,0.009357571601867678,1.9274996247986564e-06,1.797137088033196e-07,7.420190684115369e-08,1.7446382116759196e-06,1.797137088033196e-07,7.420190684115369e-08,3.0943428564744746e-06,0.00019303536129697865
swish,2,35,7.127603054046631,5.148155689239502,12.275758743286133,6684.0,0.009153875522315502,0.004767200443893671,0.01884767599403858,0.002489353995770216,0.004767200443893671,0.01884767599403858,5.264771516522161e-07,2.176145841303878e-08,4.867415270837228e-08,4.4080019279135746e-07,2.176145841303878e-08,4.867415270837228e-08,4.510071626193102e-05,6.491927247245968e-05
swish,2,40,7.207630157470703,6.232317209243774,13.439947366714478,6917.0,0.016024231910705566,0.003034790977835655,0.00656611518934369,0.009249091148376465,0.003034790977835655,0.00656611518934369,2.939668547696783e-06,4.37211497228418e-07,2.8525900575004925e-07,2.2371793875208823e-06,4.37211497228418e-07,2.8525900575004925e-07,1.9932655005522326e-05,0.00027266592991216973
swish,3,1,4.172943115234375,0.9294514656066895,5.1023945808410645,5208.0,1.5811132192611694,4.316664695739745,50.09326171875,0.5662845373153688,4.316664695739745,50.09326171875,0.04087508097290993,0.07107912749052048,0.2008916735649109,0.04060788452625275,0.07107912749052048,0.2008916735649109,0.2960787960564185,0.19505326673065074
swish,3,2,4.493666648864746,1.7860608100891113,6.279727458953857,5733.0,0.40511804819107056,0.06388717889785767,0.2382119596004486,0.37442147731781006,0.06388717889785767,0.2382119596004486,0.013544953428208828,0.007590521126985551,0.00663257110863924,0.009694334119558334,0.007590521126985551,0.00663257110863924,0.004442090657858916,0.04592039031193215
swish,3,5,4.7700700759887695,4.099926471710205,8.869996547698975,6982.0,0.017449889332056046,0.00569954002276063,0.002297910396009684,0.007854025810956955,0.00569954002276063,0.002297910396009684,1.7459026366850594e-06,7.813130196154817e-07,4.599582226205712e-08,1.2095899819541955e-06,7.813130196154817e-07,4.599582226205712e-08,1.4866260199614123e-05,0.0003196884948158417
swish,3,10,5.615260601043701,3.249904155731201,8.865164756774902,6317.0,0.006730454042553902,0.00028138951165601606,0.0009629147825762627,0.003270616754889488,0.00028138951165601606,0.0009629147825762627,1.7884613612295652e-07,1.76118799544156e-08,8.363366887920163e-09,1.3515465013824726e-07,1.76118799544156e-08,8.363366887920163e-09,2.301249155514662e-05,5.9964725226106725e-05
swish,3,15,6.547731876373291,3.1787185668945312,9.726450443267822,6152.0,0.0010763026075437665,3.596090755308978e-05,0.0004493643355090171,0.00030089193023741245,3.596090755308978e-05,0.0004493643355090171,4.50950665253913e-07,2.3092226797416515e-08,1.3966579892610296e-08,2.8800798190786736e-07,2.3092226797416515e-08,1.3966579892610296e-08,3.230061879641588e-05,7.94969127986517e-05
swish,3,20,7.261335849761963,2.284508228302002,9.545844078063965,5656.0,0.000874162244144827,0.0002521456917747855,0.0003086494980379939,0.0006447124760597944,0.0002521456917747855,0.0003086494980379939,8.435695235675666e-07,1.3676549315277953e-07,5.846564121725351e-08,5.717472504329635e-07,1.3676549315277953e-07,5.846564121725351e-08,0.00016027179112917955,0.00014593489153826088
swish,3,25,8.649946928024292,2.9528658390045166,11.602812767028809,5781.0,0.0008976371609605848,0.00012917869025841355,0.00015134269779082388,0.0003294580092187971,0.00012917869025841355,0.00015134269779082388,2.8135644924986996e-07,3.881395826965672e-08,2.220404837771639e-08,2.130042844328273e-07,3.881395826965672e-08,2.220404837771639e-08,8.978459486477797e-05,7.901762255369954e-05
swish,3,30,9.48213505744934,2.690937042236328,12.173072099685669,5612.0,0.0005232506664469838,0.00012633830192498863,0.00027954441611655056,0.000252000754699111,0.00012633830192498863,0.00027954441611655056,2.981764453124925e-07,3.762484368508012e-08,1.077801403681633e-08,2.663542488789972e-07,3.762484368508012e-08,1.077801403681633e-08,6.958332410342272e-05,8.387534860082978e-05
swish,3,35,10.625957012176514,2.330518960952759,12.956475973129272,5457.0,0.0004991654423065484,1.603362943569664e-05,8.27860494609922e-05,0.00021766612189821896,1.603362943569664e-05,8.27860494609922e-05,1.395428284922673e-06,1.633249411270299e-07,9.520523747141853e-08,9.233973514710669e-07,1.633249411270299e-07,9.520523747141853e-08,0.00036704030385500963,0.0001784862695454267
swish,3,40,10.988176822662354,5.786479711532593,16.774656534194946,6202.0,0.0005864896229468286,2.61957902694121e-05,0.00011503770656418057,0.00028973829466849566,2.61957902694121e-05,0.00011503770656418057,1.475684143770195e-07,2.552203604011538e-08,2.6026643951126968e-08,1.2281705608074844e-07,2.552203604011538e-08,2.6026643951126968e-08,5.8000418038300916e-05,6.78350195602415e-05
swish,4,1,5.410728216171265,1.054229974746704,6.464958190917969,5159.0,1.5004658699035645,8.258934020996092,7.207369804382323,1.4044950008392332,8.258934020996092,7.207369804382323,0.0534822754561901,0.06785483658313751,0.13483968377113342,0.05540653318166733,0.06785483658313751,0.13483968377113342,0.42782091584554205,0.18874966441473476
swish,4,2,5.549246072769165,1.8884437084197998,7.437689781188965,5580.0,0.24907645583152768,0.0631309375166893,0.06998976320028305,0.23111265897750852,0.0631309375166893,0.06998976320028305,0.0008117078687064349,3.443621244514361e-05,4.651605922845192e-05,0.0002702380297705531,3.443621244514361e-05,4.651605922845192e-05,0.0046175769294213576,0.003508024009467525
swish,4,5,6.195413827896118,5.191169500350952,11.38658332824707,7065.0,0.016765976324677467,0.0009026410989463328,0.0022466843947768207,0.009404031559824944,0.0009026410989463328,0.0022466843947768207,1.7622301129449625e-06,1.1332885208048538e-07,8.888547142760218e-08,1.3155943179299356e-06,1.1332885208048538e-07,8.888547142760218e-08,0.00027846780171877916,0.00023762032817905535
swish,4,10,6.936844348907471,3.5237953662872314,10.460639715194702,6124.0,0.0017970090266317127,0.00015311763854697347,0.0003240796213503927,0.0008255661814473569,0.00015311763854697347,0.0003240796213503927,3.6832133787356724e-07,9.343986562271313e-08,2.8621455427924047e-08,2.670001322258031e-07,9.343986562271313e-08,2.8621455427924047e-08,7.662686953061049e-05,0.0001140966012548023
swish,4,15,8.826994895935059,3.5728068351745605,12.39980173110962,5943.0,0.00073209562106058,0.0001318691938649863,0.00036489751073531806,0.0002778797643259168,0.0001318691938649863,0.00036489751073531806,1.8520729838655825e-07,5.0961254771664244e-08,2.771843021776021e-08,1.2402549032231036e-07,5.0961254771664244e-08,2.771843021776021e-08,0.00011017408719546373,8.916135157083506e-05
swish,4,20,9.667236804962158,2.0556623935699463,11.722899198532104,5362.0,0.00045420299284160137,5.169667201698758e-05,0.0003503774350974709,0.0001305209589190781,5.169667201698758e-05,0.0003503774350974709,3.09703409584472e-07,5.121963653209605e-08,1.7746687674957684e-08,2.587407266219089e-07,5.121963653209605e-08,1.7746687674957684e-08,9.599837908261244e-05,9.044434494271433e-05
swish,4,25,10.794463872909546,4.219945430755615,15.014409303665161,5941.0,0.0004346460336819291,0.00014625710900872943,0.0004100426740478724,0.00018880517745856196,0.00014625710900872943,0.0004100426740478724,2.8868780077573325e-07,5.082621257201936e-08,8.795550598961198e-08,2.71241418658974e-07,5.082621257201936e-08,8.795550598961198e-08,1.620266088955824e-05,0.00010354752104480343
swish,4,30,12.2872154712677,3.534623622894287,15.821839094161987,5640.0,0.000527688825968653,7.338747673202306e-05,0.0016401030588895082,0.00019818459986709056,7.338747673202306e-05,0.0016401030588895082,1.3143927901637653e-07,4.151261556728513e-09,5.041774997494031e-09,1.3521702157959226e-07,4.151261556728513e-09,5.041774997494031e-09,6.0429307312898084e-05,5.28802338734747e-05
swish,4,35,12.88149905204773,8.587965726852417,21.469464778900146,6543.0,0.0003896252310369164,2.647655674081761e-05,0.00013845853391103446,0.00016750869690440595,2.647655674081761e-05,0.00013845853391103446,9.619768803759145e-08,2.0444488768589508e-08,7.519712852399605e-09,8.018569985779321e-08,2.0444488768589508e-08,7.519712852399605e-09,1.4310213417939588e-05,5.4157665193598185e-05
swish,4,40,14.493919134140015,2.173482656478882,16.667401790618896,5260.0,0.00045184532064013183,1.606386467756238e-05,0.0004066175315529108,7.020888006081805e-05,1.606386467756238e-05,0.0004066175315529108,5.708787284675054e-06,3.4466636407159967e-06,2.4526434572180733e-06,4.534231720754177e-06,3.4466636407159967e-06,2.4526434572180733e-06,9.494510045535143e-05,0.0006559873132820947
swish,5,1,6.3815813064575195,1.2562837600708008,7.63786506652832,5112.0,8.422530174255371,9.644086837768553,11.409306526184082,6.505109786987305,9.644086837768553,11.409306526184082,0.02015668712556362,0.10829269140958786,0.4678939282894135,0.01768084242939949,0.10829269140958786,0.4678939282894135,0.2528147301400613,0.2683976577726757
swish,5,2,6.478210926055908,2.482471466064453,8.960682392120361,5693.0,0.21939000487327573,0.06227460503578185,0.03849634528160095,0.202472984790802,0.06227460503578185,0.03849634528160095,0.005914847366511822,0.0018678250489756465,0.0021569780074059963,0.0023829108104109764,0.0018678250489756465,0.0021569780074059963,0.015106087061257295,0.014381195601949236
swish,5,5,7.334690093994141,4.645244359970093,11.979934453964233,6514.0,0.002465068595483899,0.0008627575589343905,0.0012557407608255744,0.002106165513396263,0.0008627575589343905,0.0012557407608255744,3.382546310604084e-06,1.460947714804206e-06,5.031656655773986e-07,2.3668280846322887e-06,1.460947714804206e-06,5.031656655773986e-07,0.0006614080394219679,0.0004530130360429666
swish,5,10,9.07383131980896,2.495555877685547,11.569387197494507,5532.0,0.000952597940340638,0.00019475066801533103,0.0008619796135462819,0.0003698630025610328,0.00019475066801533103,0.0008619796135462819,3.731145739038766e-07,8.991251121415189e-08,2.682929434172365e-08,3.9958223396752157e-07,8.991251121415189e-08,2.682929434172365e-08,0.00020584973940365736,0.00012561412466205
swish,5,15,11.064083099365234,2.7109973430633545,13.775080442428589,5487.0,0.0003266492276452482,2.9104437999194488e-05,0.00018397583335172385,0.0002392737660557032,2.9104437999194488e-05,0.00018397583335172385,4.981087613487034e-07,1.4971050177337022e-07,3.145760274492204e-08,3.6681041137853754e-07,1.4971050177337022e-07,3.145760274492204e-08,6.801870217806871e-05,0.0001325021170273759
swish,5,20,11.720893144607544,3.0798661708831787,14.800759315490723,5530.0,0.0003847081097774208,9.28001190914074e-06,0.0002776417532004416,0.00020146460155956447,9.28001190914074e-06,0.0002776417532004416,3.992801680396952e-07,2.3786449787621683e-07,7.052918959971066e-08,2.851288627425675e-07,2.3786449787621683e-07,7.052918959971066e-08,5.865958838530139e-06,0.00017663779741780737
swish,5,25,13.135756731033325,2.2925431728363037,15.428299903869629,5270.0,0.00027944191242568195,5.999715540383477e-06,0.0003398466215003282,7.681691204197703e-05,5.999715540383477e-06,0.0003398466215003282,3.073051288993156e-07,1.7624273596084095e-07,4.044868262553791e-08,1.633157893365933e-07,1.7624273596084095e-07,4.044868262553791e-08,0.00011820110926144545,0.00012441793474602726
swish,5,30,14.913378477096558,3.1197047233581543,18.033083200454712,5411.0,0.0005355299799703062,3.573752474039793e-05,0.00030370516469702125,0.00014811192522756755,3.573752474039793e-05,0.00030370516469702125,2.70756260078997e-07,4.3089229961879034e-08,7.3708745773615175e-09,1.7038686905834766e-07,4.3089229961879034e-08,7.3708745773615175e-09,9.887430319302504e-05,8.776806829470445e-05
swish,5,35,16.070541620254517,3.020188093185425,19.09072971343994,5325.0,0.0002774614258669317,2.725072954490315e-05,0.0007854175055399537,6.317446968751028e-05,2.725072954490315e-05,0.0007854175055399537,2.6055940338665096e-07,8.825971775650032e-08,2.439180235569438e-08,2.120966371421673e-07,8.825971775650032e-08,2.439180235569438e-08,1.4970568327971057e-05,9.589862211605249e-05
swish,5,40,19.187288522720337,3.6598284244537354,22.847116947174072,5377.0,0.00025933652068488294,5.348206286726054e-06,0.000214210303965956,7.5075397035107e-05,5.348206286726054e-06,0.000214210303965956,2.0129779443323057e-07,2.229340623216558e-08,4.0066275630579185e-08,1.5248053841787626e-07,2.229340623216558e-08,4.0066275630579185e-08,0.000185539456696443,7.892472658147479e-05
swish,6,1,6.737537145614624,1.3022942543029785,8.039831399917603,5018.0,0.8155300617218018,1.8278561830520628,0.895247995853424,0.8030117750167847,1.8278561830520628,0.895247995853424,3.4888132422090934e-13,0.11133675277233124,0.5482633113861084,3.4307590947822713e-13,0.11133675277233124,0.5482633113861084,0.36274979028353205,0.3342612695296279
swish,6,2,6.969321250915527,1.9324283599853516,8.901749610900879,5293.0,0.6763461232185364,0.09162292629480362,0.02576218731701374,0.6343803405761719,0.09162292629480362,0.02576218731701374,0.0071899364702403545,0.010700696147978304,0.009397225454449652,0.006606394425034523,0.010700696147978304,0.009397225454449652,0.015094166132302217,0.050208349465201065
swish,6,5,7.68778657913208,3.016965866088867,10.704752445220947,5693.0,0.004161463584750891,0.0001573400950292125,0.000767712597735226,0.001939114881679416,0.0001573400950292125,0.000767712597735226,2.058564859908074e-06,5.234309128354653e-07,5.044112185714766e-07,1.8422651919536288e-06,5.234309128354653e-07,5.044112185714766e-07,0.0005960217441033644,0.00029193637713612557
swish,6,10,9.926893472671509,4.45347261428833,14.380366086959839,6062.0,0.0004265870957169682,5.7717352319741615e-05,0.002958075376227498,0.0003900109732057899,5.7717352319741615e-05,0.002958075376227498,5.520499257727353e-07,2.0590789517882513e-07,2.9050655214746257e-08,3.9375339611069654e-07,2.0590789517882513e-07,2.9050655214746257e-08,3.3920141549043104e-05,0.00018693239771515078
swish,6,15,12.14073634147644,2.1319873332977295,14.27272367477417,5215.0,0.00030417105881497264,5.470048563438468e-05,0.0004462531360331922,0.00015233045269269496,5.470048563438468e-05,0.0004462531360331922,1.3146559467713814e-06,5.294633638186498e-07,1.3032632750764606e-07,8.667287829666748e-07,5.294633638186498e-07,1.3032632750764606e-07,0.00030888107171542223,0.00028410419567927446
swish,6,20,13.954284191131592,2.31127667427063,16.26556086540222,5215.0,7.681172428419812e-05,2.044554094027262e-05,7.63215430197306e-05,4.184796125628054e-05,2.044554094027262e-05,7.63215430197306e-05,7.335482337111898e-07,4.030788716136158e-07,9.963588354366948e-08,5.433076921690373e-07,4.030788716136158e-07,9.963588354366948e-08,0.00019666042676455553,0.00020752009356829406
swish,6,25,16.63844347000122,3.0217363834381104,19.66017985343933,5306.0,0.00019511319987941533,1.7546903109177947e-05,0.0002474249340593815,0.00010306717013008893,1.7546903109177947e-05,0.0002474249340593815,4.253489578331937e-07,7.909645383108453e-09,2.587582237367769e-08,2.3730598286419993e-07,7.909645383108453e-09,2.587582237367769e-08,0.00011241945871823256,6.297431208219368e-05
swish,6,30,18.49179172515869,3.8614673614501953,22.353259086608887,5381.0,0.0002534833911340684,1.4874603948555887e-05,0.00025652610929682845,7.893326983321458e-05,1.4874603948555887e-05,0.00025652610929682845,3.596441615627555e-07,2.0184025117941928e-08,2.7286088055689103e-08,2.838615955624846e-07,2.0184025117941928e-08,2.7286088055689103e-08,2.887335172183092e-05,8.701213069489353e-05
swish,6,35,20.904250860214233,9.331101179122925,30.235352039337158,6018.0,0.0003285955754108727,8.383229578612371e-05,0.004875662736594677,0.00016662164125591516,8.383229578612371e-05,0.004875662736594677,4.96041707265249e-07,3.120501901321404e-08,1.7828256204666104e-08,4.4647217123383603e-07,3.120501901321404e-08,1.7828256204666104e-08,0.00019984927526003893,9.190082287822221e-05
swish,6,40,22.305765628814697,4.05508828163147,26.360853910446167,5302.0,0.00015345947758760303,0.00018491325317882,0.003022267948836088,4.4719476136378944e-05,0.00018491325317882,0.003022267948836088,5.847762167832117e-07,1.446220778689167e-07,1.491163104105908e-08,3.9936531948114867e-07,1.446220778689167e-07,1.491163104105908e-08,6.875905642025892e-05,0.0001353906562085273
swish,10,100,166.86979150772095,36.74852657318115,203.6183180809021,5450.0,0.00012654351303353903,6.920255691511557e-05,0.002109370427206158,8.692168921697885e-05,6.920255691511557e-05,0.002109370427206158,6.788881989905349e-08,1.0768419933526728e-08,7.834794146788225e-09,3.8804053303920234e-08,1.0768419933526728e-08,7.834794146788225e-09,7.0878540564256465e-06,4.154360604844305e-05
